Date,Clicks,Impressions,CTR,Position
2026-07-24,0,52,0%,25.2
2026-07-25,0,34,0%,30.1
2026-07-26,0,62,0%,29.9
2026-07-27,0,77,0%,28.4
2026-07-28,0,168,0%,50.3
2026-07-29,0,369,0%,56.7
2026-07-30,0,480,0%,57.2
2026-07-31,1,693,0.14%,64.4
2026-08-01,2,661,0.3%,59
2026-08-02,3,696,0.43%,59.2
2026-08-03,1,387,0.26%,52.2
2026-08-04,0,215,0%,43.2
2026-08-05,0,269,0%,52
2026-08-06,0,288,0%,51.1
2026-08-07,0,299,0%,49.7
2026-08-08,1,216,0.46%,47.9
2026-08-09,1,382,0.26%,51.7
2026-08-10,1,480,0.21%,56.8
2026-08-11,1,285,0.35%,53
2026-08-12,1,746,0.13%,70.3
2026-08-13,1,372,0.27%,65.9
2026-08-14,0,186,0%,59.3
2026-08-15,0,148,0%,60.5
2026-08-16,0,53,0%,52.4
2026-08-17,0,11,0%,53.8
2026-08-18,0,3,0%,35
2026-08-19,0,11,0%,41
2026-08-20,0,8,0%,37.4
2026-08-21,0,7,0%,56.1
2026-08-22,0,8,0%,67.9
2026-08-23,0,15,0%,60.3
2026-08-24,0,5,0%,69
2026-08-25,0,7,0%,72.7
2026-08-26,0,8,0%,71.8
2026-08-27,0,7,0%,64.4
2026-08-28,0,10,0%,76.2
2026-08-29,0,14,0%,68.6
2026-08-30,0,11,0%,56
2026-08-31,0,14,0%,44.9
2026-09-01,0,1,0%,6
2026-09-02,0,1,0%,8
2026-09-03,0,1,0%,9
2026-09-04,0,2,0%,7
2026-09-05,0,6,0%,4.3
2026-09-06,0,6,0%,7.8
2026-09-07,0,8,0%,7.4
2026-09-08,0,3,0%,3.3
2026-09-09,0,3,0%,6
2026-09-10,0,1,0%,3
2026-09-11,0,3,0%,5
2026-09-12,0,4,0%,9
2026-09-13,0,2,0%,10.5
2026-09-14,0,0,,
2026-09-15,0,1,0%,8
2026-09-16,0,0,,
2026-09-17,0,3,0%,9.3
2026-09-18,0,0,,
2026-09-19,0,2,0%,2.5
2026-09-20,0,1,0%,11
2026-09-21,0,4,0%,3.8
2026-09-22,0,1,0%,9
2026-09-23,0,3,0%,7
2026-09-24,0,2,0%,5.5
2026-09-25,0,3,0%,9
2026-09-26,0,7,0%,4.1
2026-09-27,0,8,0%,5.4
2026-09-28,0,3,0%,5.3
2026-09-29,0,1,0%,1
2026-09-30,0,2,0%,4.5
2026-10-01,0,0,,
2026-10-02,0,1,0%,1
2026-10-03,0,2,0%,6.5
2026-10-04,0,3,0%,4
2026-10-05,0,0,,
2026-10-06,0,2,0%,5.5