Country,Clicks,Impressions,CTR,Position
United States,3,3240,0.09%,64
Venezuela,2,46,4.35%,38.83
United Kingdom,1,351,0.28%,61.8
Vietnam,1,176,0.57%,49.43
Turkey,1,142,0.7%,52.25
Argentina,1,74,1.35%,51.09
Ghana,1,18,5.56%,58.61
Dominican Republic,1,13,7.69%,14.69
Nepal,1,2,50%,25.5
Aruba,1,1,100%,8
India,0,351,0%,57.19
Canada,0,284,0%,67.25
Philippines,0,279,0%,58.27
Spain,0,244,0%,52.09
Mexico,0,211,0%,37.91
Indonesia,0,182,0%,49.12
Australia,0,155,0%,66.63
Thailand,0,145,0%,46.87
Russia,0,141,0%,43.4
Ukraine,0,118,0%,37.46
Malaysia,0,102,0%,61.29
Colombia,0,94,0%,50.72
France,0,93,0%,55.99
Saudi Arabia,0,90,0%,45.23
Bangladesh,0,89,0%,49.64
Israel,0,86,0%,55.65
Morocco,0,81,0%,45.96
Algeria,0,69,0%,50.65
Pakistan,0,68,0%,44.41
Netherlands,0,66,0%,41.92
Jordan,0,51,0%,42.63
Peru,0,44,0%,32.7
South Africa,0,40,0%,55.83
Italy,0,38,0%,37.76
Chile,0,37,0%,44.08
Brazil,0,36,0%,29
Singapore,0,34,0%,58.62
Nigeria,0,31,0%,57.55
Germany,0,28,0%,30.04
Iraq,0,25,0%,39.76
Guatemala,0,23,0%,22.17
United Arab Emirates,0,22,0%,34.68
New Zealand,0,18,0%,74.67
South Korea,0,16,0%,23.06
Ecuador,0,16,0%,23.38
Kenya,0,16,0%,70.69
Belgium,0,14,0%,53.21
Norway,0,13,0%,44.23
Sweden,0,13,0%,44.62
Greece,0,12,0%,37
Bolivia,0,12,0%,41.58
Hong Kong,0,12,0%,54.17
Cuba,0,10,0%,8.3
Puerto Rico,0,10,0%,20.1
Panama,0,10,0%,48.6
Paraguay,0,9,0%,29.89
Poland,0,9,0%,33.67
Taiwan,0,9,0%,42.22
Denmark,0,9,0%,56.11
Finland,0,8,0%,26.12
Honduras,0,8,0%,31.62
Costa Rica,0,8,0%,41.88
Nicaragua,0,8,0%,43.38
Japan,0,7,0%,8.29
Hungary,0,7,0%,34.86
Ireland,0,7,0%,49.43
Angola,0,7,0%,57.43
Bahamas,0,7,0%,57.57
China,0,6,0%,15.83
Romania,0,6,0%,37.33
Switzerland,0,6,0%,41.5
Latvia,0,6,0%,53.33
Andorra,0,6,0%,62
Iran,0,5,0%,10.2
Jamaica,0,5,0%,36.6
Armenia,0,5,0%,63.2
Zambia,0,4,0%,12.75
Congo - Kinshasa,0,4,0%,25
El Salvador,0,4,0%,48
Ethiopia,0,4,0%,48.25
Albania,0,4,0%,58
Egypt,0,4,0%,63.75
Botswana,0,4,0%,65.5
Iceland,0,4,0%,75.25
Austria,0,3,0%,4.67
Qatar,0,3,0%,7.67
Luxembourg,0,3,0%,25.33
Czechia,0,3,0%,26
Trinidad & Tobago,0,3,0%,30.67
Uganda,0,3,0%,32
Uruguay,0,3,0%,36.33
Sri Lanka,0,3,0%,38.67
Bulgaria,0,3,0%,62.67
Cyprus,0,3,0%,71.33
Namibia,0,3,0%,80.33
Croatia,0,2,0%,8
Tunisia,0,2,0%,9
Tanzania,0,2,0%,10.5
U.S. Virgin Islands,0,2,0%,12
Slovakia,0,2,0%,26
Liechtenstein,0,2,0%,33
Kuwait,0,2,0%,40
Senegal,0,2,0%,70.5
Mongolia,0,2,0%,76
Cambodia,0,2,0%,86.5
Lithuania,0,2,0%,90
Barbados,0,1,0%,2
Uzbekistan,0,1,0%,5
Madagascar,0,1,0%,6
Turks & Caicos Islands,0,1,0%,6
Belarus,0,1,0%,7
Georgia,0,1,0%,7
Côte d’Ivoire,0,1,0%,9
Slovenia,0,1,0%,9
Portugal,0,1,0%,10
Mauritius,0,1,0%,11
South Sudan,0,1,0%,11
Kazakhstan,0,1,0%,17
Afghanistan,0,1,0%,47
Belize,0,1,0%,71
Cameroon,0,1,0%,74
Kosovo,0,1,0%,81
Estonia,0,1,0%,86
Brunei,0,1,0%,87
Guyana,0,1,0%,87
Bahrain,0,1,0%,92