Top pages,Clicks,Impressions,CTR,Position
https://mistertranslation.com/travel/cactus-ya-ya.html,1,46,2.17%,11.15
https://mistertranslation.com/ency/adonijah.html,1,29,3.45%,74.03
https://mistertranslation.com/dict/dod.html,1,25,4%,19.84
https://mistertranslation.com/ency/teman.html,1,22,4.55%,64.32
https://mistertranslation.com/dict/chara.html,1,11,9.09%,44
https://mistertranslation.com/dict/zeroim.html,1,7,14.29%,7.71
https://mistertranslation.com/dict/rachamim.html,1,6,16.67%,56
https://mistertranslation.com/dict/etzba.html,1,4,25%,9.5
https://mistertranslation.com/dict/sakak.es.html,1,3,33.33%,11.33
https://mistertranslation.com/dict/kilyot.es.html,1,2,50%,3
https://mistertranslation.com/dict/sachaq.es.html,1,2,50%,7
https://mistertranslation.com/dict/katargeo.html,1,2,50%,16.5
https://mistertranslation.com/dict/eikon.es.html,1,1,100%,19
https://mistertranslation.com/dict/eunouchos.es.html,0,188,0%,76.3
https://mistertranslation.com/atlas/horeb.html,0,101,0%,75.85
https://mistertranslation.com/ency/goshen.html,0,97,0%,83.9
https://mistertranslation.com/ency/midian.html,0,80,0%,79.99
https://mistertranslation.com/ency/moab.html,0,71,0%,79.25
https://mistertranslation.com/ency/horeb.html,0,61,0%,72.51
https://mistertranslation.com/leviticus-1.html,0,60,0%,54
https://mistertranslation.com/,0,55,0%,11.07
https://mistertranslation.com/esther-1.html,0,51,0%,60.71
https://mistertranslation.com/joshua-1.html,0,49,0%,23.31
https://mistertranslation.com/ency/zerubbabel.html,0,49,0%,79.39
https://mistertranslation.com/genesis-3.html,0,47,0%,38.11
https://mistertranslation.com/ency/tabernacle.html,0,46,0%,70.67
https://mistertranslation.com/atlas/uz.html,0,45,0%,80.51
https://mistertranslation.com/1-corinthians-1.html,0,43,0%,48.35
https://mistertranslation.com/ency/gath.html,0,43,0%,84.93
https://mistertranslation.com/1-thessalonians-1.html,0,41,0%,42.29
https://mistertranslation.com/atlas/yam-suph.html,0,41,0%,78.88
https://mistertranslation.com/dict/ezer-kenegdo.html,0,39,0%,71.87
https://mistertranslation.com/ency/tarshish.html,0,39,0%,80.49
https://mistertranslation.com/dict/agape.html,0,39,0%,87.03
https://mistertranslation.com/ecclesiastes-1.html,0,38,0%,36.58
https://mistertranslation.com/ency/shechem.html,0,38,0%,86.11
https://mistertranslation.com/atlas/colossae.html,0,37,0%,79.03
https://mistertranslation.com/genesis-27.html,0,35,0%,38.26
https://mistertranslation.com/ency/shadrach-meshach-abednego.html,0,35,0%,61.11
https://mistertranslation.com/ency/yam-suph.html,0,35,0%,87.49
https://mistertranslation.com/atlas/gath.html,0,34,0%,87.38
https://mistertranslation.com/dict/el-elohe-israel.html,0,33,0%,65.7
https://mistertranslation.com/atlas/nineveh.html,0,33,0%,69.76
https://mistertranslation.com/dict/kairos.html,0,33,0%,72.58
https://mistertranslation.com/ency/galatia.html,0,33,0%,81.18
https://mistertranslation.com/ency/ramah.html,0,33,0%,82.3
https://mistertranslation.com/ency/enoch-cain-son.html,0,32,0%,62.03
https://mistertranslation.com/dict/soteria.html,0,32,0%,80.44
https://mistertranslation.com/lamentations-1.html,0,31,0%,40.32
https://mistertranslation.com/atlas/shechem.html,0,31,0%,79.23
https://mistertranslation.com/dict/shiloh.html,0,31,0%,80.97
https://mistertranslation.com/dict/teleios.html,0,30,0%,61
https://mistertranslation.com/atlas/negev.html,0,30,0%,69.57
https://mistertranslation.com/dict/plerophoria.html,0,30,0%,82.87
https://mistertranslation.com/ency/samaria.html,0,29,0%,84.79
https://mistertranslation.com/ency/vashti.html,0,29,0%,85.03
https://mistertranslation.com/dict/philos.html,0,28,0%,59.25
https://mistertranslation.com/atlas/canaan.html,0,28,0%,78.57
https://mistertranslation.com/ency/sarai.html,0,28,0%,84.75
https://mistertranslation.com/ency/gerar.html,0,28,0%,85
https://mistertranslation.com/1-kings-1.html,0,27,0%,40.81
https://mistertranslation.com/genesis-4.html,0,27,0%,46.7
https://mistertranslation.com/dict/parousia.html,0,27,0%,83.22
https://mistertranslation.com/ency/cush.html,0,27,0%,85.15
https://mistertranslation.com/atlas/shinar.html,0,26,0%,61.38
https://mistertranslation.com/dict/yada.html,0,26,0%,85.81
https://mistertranslation.com/dict/hypostasis.html,0,25,0%,75.44
https://mistertranslation.com/ency/asenath.html,0,25,0%,80.84
https://mistertranslation.com/ency/zipporah.html,0,25,0%,85.44
https://mistertranslation.com/book-2-samuel.html,0,24,0%,66.92
https://mistertranslation.com/ency/nicodemus.es.html,0,24,0%,68.71
https://mistertranslation.com/dict/hevel.html,0,24,0%,69
https://mistertranslation.com/dict/doxa.html,0,24,0%,72.88
https://mistertranslation.com/ency/mamre.html,0,24,0%,74.71
https://mistertranslation.com/dict/sozo.html,0,24,0%,75.29
https://mistertranslation.com/atlas/achaia.html,0,23,0%,59.13
https://mistertranslation.com/ency/barabbas.html,0,22,0%,24
https://mistertranslation.com/dict/devarim.html,0,22,0%,55.18
https://mistertranslation.com/ency/samaria.es.html,0,22,0%,73.18
https://mistertranslation.com/atlas/jabbok.html,0,22,0%,74.82
https://mistertranslation.com/dict/hosanna.html,0,22,0%,76.09
https://mistertranslation.com/dict/chronos.html,0,22,0%,76.18
https://mistertranslation.com/dict/metanoia.html,0,22,0%,76.95
https://mistertranslation.com/ency/kiriath-jearim.html,0,22,0%,78.77
https://mistertranslation.com/ency/moriah.html,0,22,0%,84.23
https://mistertranslation.com/dict/chazak.html,0,21,0%,63.57
https://mistertranslation.com/ency/ammon.html,0,21,0%,81.71
https://mistertranslation.com/ency/mount-sinai.html,0,21,0%,82.1
https://mistertranslation.com/dict/acrostic.html,0,21,0%,82.38
https://mistertranslation.com/obadiah-1.html,0,20,0%,66.8
https://mistertranslation.com/dict/makarios.html,0,20,0%,70.1
https://mistertranslation.com/ency/bozrah.html,0,20,0%,74.75
https://mistertranslation.com/ency/pergamum.html,0,20,0%,85.75
https://mistertranslation.com/genesis-24.html,0,19,0%,28.63
https://mistertranslation.com/exodus-3.html,0,19,0%,38.89
https://mistertranslation.com/genesis-6.html,0,19,0%,40.26
https://mistertranslation.com/travel/trung-nguyen-legend.html,0,19,0%,42.79
https://mistertranslation.com/atlas/cush.html,0,19,0%,80.21
https://mistertranslation.com/ency/shinar.html,0,19,0%,81.58
https://mistertranslation.com/genesis-2.html,0,18,0%,26.5
https://mistertranslation.com/habakkuk-1.html,0,18,0%,28.83
https://mistertranslation.com/dict/satan.html,0,18,0%,53.44
https://mistertranslation.com/dict/logos.html,0,18,0%,59.17
https://mistertranslation.com/dict/kadosh.es.html,0,18,0%,65.22
https://mistertranslation.com/ency/jeroboam-ii.html,0,18,0%,76.22
https://mistertranslation.com/ency/thessalonica.html,0,18,0%,79.17
https://mistertranslation.com/ency/ziklag.html,0,18,0%,79.72
https://mistertranslation.com/dict/gehenna.es.html,0,18,0%,80.28
https://mistertranslation.com/atlas/ramah.html,0,18,0%,82.17
https://mistertranslation.com/ency/potiphar.html,0,18,0%,85.06
https://mistertranslation.com/dict/shem.html,0,18,0%,86.56
https://mistertranslation.com/joel-1.html,0,17,0%,26
https://mistertranslation.com/jeremiah-1.html,0,17,0%,29.53
https://mistertranslation.com/dict/euangelion.html,0,17,0%,55.71
https://mistertranslation.com/jonah-1.html,0,17,0%,57.12
https://mistertranslation.com/atlas/edom.html,0,17,0%,63.94
https://mistertranslation.com/ency/queen-of-sheba.es.html,0,17,0%,72.47
https://mistertranslation.com/ency/jehoiachin.html,0,17,0%,73.24
https://mistertranslation.com/atlas/tabernacle.html,0,17,0%,74.29
https://mistertranslation.com/dict/grammateus.html,0,16,0%,18.88
https://mistertranslation.com/deuteronomy-1.html,0,16,0%,33.19
https://mistertranslation.com/genesis-34.html,0,16,0%,42.19
https://mistertranslation.com/dict/malakh.html,0,16,0%,48.62
https://mistertranslation.com/ency/aram-naharaim.html,0,16,0%,68.69
https://mistertranslation.com/ency/zarephath.html,0,16,0%,70.88
https://mistertranslation.com/ency/chaldeans.html,0,16,0%,79.19
https://mistertranslation.com/dict/pneuma.html,0,16,0%,79.25
https://mistertranslation.com/dict/yom.html,0,16,0%,80.38
https://mistertranslation.com/atlas/moriah.html,0,16,0%,86.56
https://mistertranslation.com/atlas/gilboa.html,0,16,0%,87.19
https://mistertranslation.com/dict/prototokos.html,0,15,0%,43.93
https://mistertranslation.com/ency/zechariah.html,0,15,0%,48.47
https://mistertranslation.com/atlas/macedonia.html,0,15,0%,50.07
https://mistertranslation.com/dict/hagios.html,0,15,0%,53.4
https://mistertranslation.com/dict/mishpat.html,0,15,0%,72.07
https://mistertranslation.com/atlas/gennesaret.html,0,15,0%,72.67
https://mistertranslation.com/ency/corinth.es.html,0,15,0%,76.4
https://mistertranslation.com/ency/onesimus.html,0,15,0%,78
https://mistertranslation.com/ency/ekron.html,0,15,0%,84.73
https://mistertranslation.com/dict/legion.es.html,0,15,0%,84.93
https://mistertranslation.com/dict/lamo.es.html,0,14,0%,11.36
https://mistertranslation.com/haggai-1.html,0,14,0%,20.71
https://mistertranslation.com/exodus-9.html,0,14,0%,27.57
https://mistertranslation.com/dict/acharit-hayamim.html,0,14,0%,30.14
https://mistertranslation.com/dict/olethros.html,0,14,0%,32.07
https://mistertranslation.com/genesis-26.html,0,14,0%,35.21
https://mistertranslation.com/genesis-13.html,0,14,0%,35.36
https://mistertranslation.com/genesis-5.html,0,14,0%,38.07
https://mistertranslation.com/genesis-28.html,0,14,0%,38.43
https://mistertranslation.com/ezra-1.html,0,14,0%,38.93
https://mistertranslation.com/genesis-33.html,0,14,0%,43
https://mistertranslation.com/atlas/kedar.html,0,14,0%,54.36
https://mistertranslation.com/atlas/joppa.html,0,14,0%,64.21
https://mistertranslation.com/ency/susa.html,0,14,0%,66.29
https://mistertranslation.com/ency/nimrod.html,0,14,0%,66.71
https://mistertranslation.com/ency/sidon.html,0,14,0%,71.79
https://mistertranslation.com/atlas/galatia.html,0,14,0%,73.36
https://mistertranslation.com/ency/zoar.html,0,14,0%,74
https://mistertranslation.com/ency/river-of-egypt.html,0,14,0%,74.93
https://mistertranslation.com/ency/exodus-pharaoh.html,0,14,0%,78
https://mistertranslation.com/dict/aletheia.html,0,14,0%,81.07
https://mistertranslation.com/ency/antiochus-iv.html,0,14,0%,85.29
https://mistertranslation.com/atlas/caesarea-philippi.html,0,14,0%,85.57
https://mistertranslation.com/dict/peirasmos.html,0,13,0%,40.23
https://mistertranslation.com/dict/avon.html,0,13,0%,42.31
https://mistertranslation.com/dict/episkopos.html,0,13,0%,56.23
https://mistertranslation.com/zechariah-1.html,0,13,0%,57.08
https://mistertranslation.com/ency/topheth.es.html,0,13,0%,61.31
https://mistertranslation.com/song-of-solomon-1.html,0,13,0%,62.23
https://mistertranslation.com/atlas/haran-city.html,0,13,0%,67.38
https://mistertranslation.com/dict/mara.html,0,13,0%,68.77
https://mistertranslation.com/ency/joab.html,0,13,0%,74.85
https://mistertranslation.com/atlas/goshen.html,0,13,0%,75.15
https://mistertranslation.com/atlas/kiriath-jearim.html,0,13,0%,75.69
https://mistertranslation.com/ency/enoch.html,0,13,0%,75.92
https://mistertranslation.com/dict/epignosis.html,0,13,0%,77.31
https://mistertranslation.com/ency/shur.html,0,13,0%,77.85
https://mistertranslation.com/dict/goel.html,0,13,0%,80.92
https://mistertranslation.com/ency/herod-antipas.html,0,13,0%,81
https://mistertranslation.com/ency/succoth.html,0,13,0%,85.54
https://mistertranslation.com/ency/second-temple.html,0,13,0%,87.15
https://mistertranslation.com/atlas/zoar.html,0,13,0%,88.31
https://mistertranslation.com/dict/tzeakah.html,0,12,0%,11.33
https://mistertranslation.com/genesis-30.html,0,12,0%,26.92
https://mistertranslation.com/genesis-22.html,0,12,0%,30.58
https://mistertranslation.com/genesis-12.html,0,12,0%,34.25
https://mistertranslation.com/philemon-1.html,0,12,0%,34.58
https://mistertranslation.com/dict/eusebeia.html,0,12,0%,47.17
https://mistertranslation.com/routes/abraham-migration.html,0,12,0%,54.08
https://mistertranslation.com/ency/nod.html,0,12,0%,65.5
https://mistertranslation.com/ency/ahasuerus.html,0,12,0%,66.25
https://mistertranslation.com/atlas/chebar.html,0,12,0%,70.58
https://mistertranslation.com/atlas/ai.html,0,12,0%,81.58
https://mistertranslation.com/atlas/ziklag.html,0,12,0%,83.08
https://mistertranslation.com/ency/en-gedi.html,0,12,0%,84.42
https://mistertranslation.com/ency/sanhedrin.html,0,12,0%,86.25
https://mistertranslation.com/ency/gilboa.html,0,12,0%,88.25
https://mistertranslation.com/atlas/mount-of-olives.html,0,12,0%,88.42
https://mistertranslation.com/genesis-1.html,0,11,0%,25.82
https://mistertranslation.com/james-1.html,0,11,0%,27.18
https://mistertranslation.com/dict/ofan.html,0,11,0%,31.91
https://mistertranslation.com/dict/iesous.html,0,11,0%,49.55
https://mistertranslation.com/dict/kalos.html,0,11,0%,54.55
https://mistertranslation.com/dict/el-bethel.html,0,11,0%,59
https://mistertranslation.com/atlas/river-of-egypt.html,0,11,0%,59.18
https://mistertranslation.com/atlas/babel.html,0,11,0%,59.91
https://mistertranslation.com/ency/pharaoh-joseph.html,0,11,0%,64.55
https://mistertranslation.com/dict/toledot.html,0,11,0%,65.64
https://mistertranslation.com/dict/kavod.html,0,11,0%,70
https://mistertranslation.com/atlas/lachish.html,0,11,0%,73.18
https://mistertranslation.com/atlas/ekron.html,0,11,0%,74.82
https://mistertranslation.com/ency/keturah.html,0,11,0%,77.18
https://mistertranslation.com/ency/ararat.html,0,11,0%,79.27
https://mistertranslation.com/dict/apecho.es.html,0,10,0%,14.6
https://mistertranslation.com/dict/leitourgos.html,0,10,0%,20.4
https://mistertranslation.com/isaiah-1.html,0,10,0%,23
https://mistertranslation.com/dict/nagid.html,0,10,0%,23.7
https://mistertranslation.com/philippians-1.html,0,10,0%,28.6
https://mistertranslation.com/genesis-25.html,0,10,0%,33.8
https://mistertranslation.com/2-samuel-1.html,0,10,0%,37.9
https://mistertranslation.com/atlas/gath-hepher.html,0,10,0%,41.7
https://mistertranslation.com/dict/tetrarches.es.html,0,10,0%,54.4
https://mistertranslation.com/dict/skandalon.html,0,10,0%,55.8
https://mistertranslation.com/dict/tsalach.html,0,10,0%,57.7
https://mistertranslation.com/dict/soter.html,0,10,0%,58.6
https://mistertranslation.com/atlas/judean-wilderness.html,0,10,0%,61.8
https://mistertranslation.com/dict/oikonomia.html,0,10,0%,62.1
https://mistertranslation.com/atlas/aram-naharaim.html,0,10,0%,63.5
https://mistertranslation.com/ency/nahshon.html,0,10,0%,64.4
https://mistertranslation.com/ency/horites.html,0,10,0%,64.5
https://mistertranslation.com/dict/daat.html,0,10,0%,70.5
https://mistertranslation.com/ency/sea-of-galilee.html,0,10,0%,72.3
https://mistertranslation.com/ency/hananiah-mishael-azariah.html,0,10,0%,73.2
https://mistertranslation.com/atlas/gibeon.html,0,10,0%,73.6
https://mistertranslation.com/ency/beer-lahai-roi.html,0,10,0%,75
https://mistertranslation.com/dict/porneia.html,0,10,0%,77.8
https://mistertranslation.com/atlas/teman.html,0,10,0%,78.9
https://mistertranslation.com/ency/artaxerxes.html,0,10,0%,79.6
https://mistertranslation.com/ency/negev.html,0,10,0%,80.4
https://mistertranslation.com/dict/teraphim.html,0,10,0%,84.4
https://mistertranslation.com/encyclopedia.html,0,9,0%,6.78
https://mistertranslation.com/dict/chananaios.es.html,0,9,0%,8.22
https://mistertranslation.com/dict/anatole.html,0,9,0%,9.44
https://mistertranslation.com/chronology.html,0,9,0%,9.67
https://mistertranslation.com/dict/mofet.html,0,9,0%,18.78
https://mistertranslation.com/daniel-1.html,0,9,0%,27.33
https://mistertranslation.com/dict/apolytrosis.html,0,9,0%,27.44
https://mistertranslation.com/genesis-9.html,0,9,0%,35
https://mistertranslation.com/genesis-31.html,0,9,0%,36.11
https://mistertranslation.com/proverbs-1.html,0,9,0%,39.56
https://mistertranslation.com/dict/axios.html,0,9,0%,45.11
https://mistertranslation.com/genesis-11.html,0,9,0%,46.22
https://mistertranslation.com/dict/chashmal.html,0,9,0%,46.67
https://mistertranslation.com/dict/raqia.html,0,9,0%,50.11
https://mistertranslation.com/dict/ruach.html,0,9,0%,51.44
https://mistertranslation.com/dict/chanan.html,0,9,0%,56.78
https://mistertranslation.com/atlas/anathoth.html,0,9,0%,63.22
https://mistertranslation.com/atlas/caesarea-philippi.es.html,0,9,0%,63.44
https://mistertranslation.com/ency/eliezer.html,0,9,0%,64.67
https://mistertranslation.com/dict/kosmos.html,0,9,0%,65.11
https://mistertranslation.com/atlas/susa.html,0,9,0%,65.78
https://mistertranslation.com/atlas/zarephath.html,0,9,0%,67.22
https://mistertranslation.com/ency/akeldama.html,0,9,0%,67.78
https://mistertranslation.com/ency/moresheth-gath.html,0,9,0%,70.11
https://mistertranslation.com/dict/yare.html,0,9,0%,72.56
https://mistertranslation.com/dict/binah.html,0,9,0%,75
https://mistertranslation.com/dict/sophia.html,0,9,0%,75.33
https://mistertranslation.com/dict/nachash.html,0,9,0%,76.56
https://mistertranslation.com/dict/shamar.html,0,9,0%,76.78
https://mistertranslation.com/ency/darius-the-mede.html,0,9,0%,83
https://mistertranslation.com/dict/ish-haelohim.html,0,8,0%,6.25
https://mistertranslation.com/dict/stego.es.html,0,8,0%,6.62
https://mistertranslation.com/dict/autarkes.es.html,0,8,0%,7
https://mistertranslation.com/dict/chloros.es.html,0,8,0%,7.38
https://mistertranslation.com/jeremiah-20.html,0,8,0%,17.12
https://mistertranslation.com/dict/qedeshah.html,0,8,0%,17.38
https://mistertranslation.com/dict/klema.es.html,0,8,0%,17.88
https://mistertranslation.com/dict/magor-missaviv.html,0,8,0%,21.12
https://mistertranslation.com/dict/threskeia.html,0,8,0%,21.5
https://mistertranslation.com/jeremiah-23.html,0,8,0%,29
https://mistertranslation.com/dict/metamorphoo.html,0,8,0%,31.12
https://mistertranslation.com/dict/ashem.html,0,8,0%,34.38
https://mistertranslation.com/dict/pesher.html,0,8,0%,35.12
https://mistertranslation.com/genesis-35.html,0,8,0%,35.88
https://mistertranslation.com/hosea-1.html,0,8,0%,39.75
https://mistertranslation.com/dict/shuv.html,0,8,0%,40.25
https://mistertranslation.com/dict/mamonas.html,0,8,0%,43.12
https://mistertranslation.com/dict/musar.html,0,8,0%,43.75
https://mistertranslation.com/dict/chole.es.html,0,8,0%,47.5
https://mistertranslation.com/dict/qodesh.html,0,8,0%,47.88
https://mistertranslation.com/atlas/gilead.html,0,8,0%,54.38
https://mistertranslation.com/dict/massa.html,0,8,0%,56.5
https://mistertranslation.com/atlas/sychar.html,0,8,0%,58.62
https://mistertranslation.com/atlas/cana.html,0,8,0%,59.12
https://mistertranslation.com/ency/baal.es.html,0,8,0%,59.75
https://mistertranslation.com/dict/ashrei.html,0,8,0%,60.75
https://mistertranslation.com/leviticus-19.html,0,8,0%,60.88
https://mistertranslation.com/dict/tannin.html,0,8,0%,64.25
https://mistertranslation.com/ency/colossae.html,0,8,0%,69.12
https://mistertranslation.com/ency/golgotha.html,0,8,0%,72.12
https://mistertranslation.com/dict/pharmakon.html,0,8,0%,73
https://mistertranslation.com/book-2-chronicles.html,0,8,0%,73.38
https://mistertranslation.com/atlas/shur.html,0,8,0%,74.75
https://mistertranslation.com/dict/apokatastasis.html,0,8,0%,76.12
https://mistertranslation.com/ency/babel.html,0,8,0%,77.75
https://mistertranslation.com/ency/caesarea-philippi.es.html,0,8,0%,78.25
https://mistertranslation.com/ency/elimelech.html,0,8,0%,80.88
https://mistertranslation.com/dict/olah.html,0,8,0%,81.38
https://mistertranslation.com/ency/dothan.html,0,8,0%,81.38
https://mistertranslation.com/ency/machpelah.html,0,8,0%,83.62
https://mistertranslation.com/genesis-1.es.html,0,7,0%,7.43
https://mistertranslation.com/dict/oligopistos.es.html,0,7,0%,8.29
https://mistertranslation.com/dict/niflaot.html,0,7,0%,9
https://mistertranslation.com/dict/shibbolet.html,0,7,0%,12.43
https://mistertranslation.com/dict/zygos.html,0,7,0%,12.43
https://mistertranslation.com/dict/apokaradokia.html,0,7,0%,17.57
https://mistertranslation.com/genesis-14.html,0,7,0%,21.14
https://mistertranslation.com/atlas/enaim.html,0,7,0%,22.57
https://mistertranslation.com/galatians-1.html,0,7,0%,25.71
https://mistertranslation.com/2-kings-1.html,0,7,0%,26.86
https://mistertranslation.com/genesis-36.html,0,7,0%,34.14
https://mistertranslation.com/dict/tsela.html,0,7,0%,39.14
https://mistertranslation.com/dict/ho-on.html,0,7,0%,40.57
https://mistertranslation.com/dict/semeion.html,0,7,0%,42.57
https://mistertranslation.com/atlas/thessalonica.html,0,7,0%,43.43
https://mistertranslation.com/dict/epiousios.html,0,7,0%,44.14
https://mistertranslation.com/dict/baal.html,0,7,0%,46.29
https://mistertranslation.com/ency/sheshbazzar.html,0,7,0%,50
https://mistertranslation.com/ency/jude.html,0,7,0%,50.57
https://mistertranslation.com/dict/praus.html,0,7,0%,54.43
https://mistertranslation.com/exodus-15.html,0,7,0%,58.57
https://mistertranslation.com/nehemiah-1.html,0,7,0%,61.57
https://mistertranslation.com/dict/stauros.html,0,7,0%,66.14
https://mistertranslation.com/atlas/shiloh.html,0,7,0%,66.43
https://mistertranslation.com/ency/potiphars-wife.html,0,7,0%,66.71
https://mistertranslation.com/1-corinthians-13.html,0,7,0%,68.86
https://mistertranslation.com/atlas/gennesaret.es.html,0,7,0%,71.71
https://mistertranslation.com/dict/eleos.html,0,7,0%,73
https://mistertranslation.com/ency/bathsheba.html,0,7,0%,74
https://mistertranslation.com/dict/adamah.html,0,7,0%,75.14
https://mistertranslation.com/ency/jacobs-well.html,0,7,0%,75.43
https://mistertranslation.com/dict/egoeimi.html,0,7,0%,76
https://mistertranslation.com/dict/parakletos.html,0,7,0%,76
https://mistertranslation.com/ency/onan.html,0,7,0%,77.86
https://mistertranslation.com/atlas/ashdod.html,0,7,0%,78.14
https://mistertranslation.com/ency/dinah.html,0,7,0%,79.57
https://mistertranslation.com/ency/archelaus.html,0,7,0%,82.14
https://mistertranslation.com/ency/onesiphorus.html,0,7,0%,82.43
https://mistertranslation.com/dict/sefer.html,0,7,0%,83.71
https://mistertranslation.com/atlas/succoth.html,0,7,0%,84.14
https://mistertranslation.com/atlas/pithom-raamses.html,0,7,0%,84.71
https://mistertranslation.com/ency/uz.html,0,7,0%,89.29
https://mistertranslation.com/dict/shachat.es.html,0,6,0%,7.67
https://mistertranslation.com/dict/machah.html,0,6,0%,9.5
https://mistertranslation.com/dict/paratheke.html,0,6,0%,11
https://mistertranslation.com/dict/hydor-zon.html,0,6,0%,14.83
https://mistertranslation.com/travel/dicks-primal-kitchen.html,0,6,0%,21.5
https://mistertranslation.com/dict/suach.html,0,6,0%,21.83
https://mistertranslation.com/matthew-2.html,0,6,0%,22.33
https://mistertranslation.com/dict/ganav.html,0,6,0%,26.33
https://mistertranslation.com/dict/nepios.html,0,6,0%,27.17
https://mistertranslation.com/dict/elenchos.html,0,6,0%,34.33
https://mistertranslation.com/dict/nicham.html,0,6,0%,36.17
https://mistertranslation.com/exodus-5.html,0,6,0%,36.83
https://mistertranslation.com/ency/anathoth.es.html,0,6,0%,39.17
https://mistertranslation.com/titus-1.html,0,6,0%,39.5
https://mistertranslation.com/travel/salt-and-straw.html,0,6,0%,39.83
https://mistertranslation.com/atlas/salem.html,0,6,0%,41.17
https://mistertranslation.com/genesis-29.html,0,6,0%,41.83
https://mistertranslation.com/romans-1.html,0,6,0%,43.67
https://mistertranslation.com/ency/micah.html,0,6,0%,46.83
https://mistertranslation.com/ask-newton.html,0,6,0%,47.67
https://mistertranslation.com/atlas/beautiful-gate.html,0,6,0%,47.67
https://mistertranslation.com/genesis-32.html,0,6,0%,47.83
https://mistertranslation.com/ency/herod-antipas.es.html,0,6,0%,52.83
https://mistertranslation.com/dict/zera.html,0,6,0%,56.33
https://mistertranslation.com/2-peter-1.html,0,6,0%,57.83
https://mistertranslation.com/ency/cana.es.html,0,6,0%,58.5
https://mistertranslation.com/ency/jacobs-well.es.html,0,6,0%,60.17
https://mistertranslation.com/dict/raca.html,0,6,0%,61
https://mistertranslation.com/dict/sabbaton.html,0,6,0%,61
https://mistertranslation.com/atlas/mamre.html,0,6,0%,61.67
https://mistertranslation.com/atlas/succoth-egypt.html,0,6,0%,64
https://mistertranslation.com/dict/herodianoi.es.html,0,6,0%,64.17
https://mistertranslation.com/atlas/golgotha.html,0,6,0%,66.17
https://mistertranslation.com/ency/judah.html,0,6,0%,68.67
https://mistertranslation.com/ency/james.html,0,6,0%,71.17
https://mistertranslation.com/ency/tyre.html,0,6,0%,73.33
https://mistertranslation.com/atlas/sidon.html,0,6,0%,74
https://mistertranslation.com/dict/gehenna.html,0,6,0%,74.5
https://mistertranslation.com/dict/doulos.html,0,6,0%,74.83
https://mistertranslation.com/ency/kedar.html,0,6,0%,75.17
https://mistertranslation.com/ency/macedonia.html,0,6,0%,76.17
https://mistertranslation.com/ency/rachel.html,0,6,0%,76.83
https://mistertranslation.com/ency/moab-ammon.html,0,6,0%,80.83
https://mistertranslation.com/atlas/en-gedi.html,0,6,0%,81.33
https://mistertranslation.com/dict/dikaiosyne.html,0,6,0%,84.17
https://mistertranslation.com/atlas/damascus.html,0,6,0%,87
https://mistertranslation.com/genesis-37.html,0,5,0%,3.6
https://mistertranslation.com/dict/helikia.es.html,0,5,0%,5.8
https://mistertranslation.com/dict/hydor-zon.es.html,0,5,0%,6.2
https://mistertranslation.com/dict/distazo.es.html,0,5,0%,6.8
https://mistertranslation.com/dict/exaleipho.es.html,0,5,0%,8.4
https://mistertranslation.com/dict/nakar.html,0,5,0%,9
https://mistertranslation.com/dict/lamo.html,0,5,0%,12.6
https://mistertranslation.com/dict/dipsychos.html,0,5,0%,13.6
https://mistertranslation.com/dict/damim.html,0,5,0%,13.8
https://mistertranslation.com/dict/chatan.html,0,5,0%,19.6
https://mistertranslation.com/dict/sherets.html,0,5,0%,21.8
https://mistertranslation.com/dict/kesil-evil-lets.html,0,5,0%,22.8
https://mistertranslation.com/dict/dag-gadol.html,0,5,0%,23.8
https://mistertranslation.com/dict/abrekh.html,0,5,0%,24
https://mistertranslation.com/dict/eraunao.es.html,0,5,0%,24.2
https://mistertranslation.com/travel/firehouse-subs-vancouver.html,0,5,0%,26.6
https://mistertranslation.com/dict/shalal.html,0,5,0%,28
https://mistertranslation.com/dict/entole.html,0,5,0%,29.4
https://mistertranslation.com/dict/yatsar.html,0,5,0%,29.8
https://mistertranslation.com/genesis-8.html,0,5,0%,31
https://mistertranslation.com/jeremiah-22.html,0,5,0%,31.4
https://mistertranslation.com/dict/hamon.html,0,5,0%,31.6
https://mistertranslation.com/john-1.html,0,5,0%,37.2
https://mistertranslation.com/book-ecclesiastes.html,0,5,0%,40
https://mistertranslation.com/exodus-13.html,0,5,0%,41.2
https://mistertranslation.com/exodus-1.html,0,5,0%,42.6
https://mistertranslation.com/1-peter-1.html,0,5,0%,44.2
https://mistertranslation.com/dict/kephas.html,0,5,0%,44.8
https://mistertranslation.com/ency/obadiah.html,0,5,0%,45.2
https://mistertranslation.com/atlas/moresheth-gath.html,0,5,0%,45.4
https://mistertranslation.com/ency/mareshah.html,0,5,0%,46.6
https://mistertranslation.com/dict/yasha.html,0,5,0%,48
https://mistertranslation.com/ency/satan.html,0,5,0%,48.2
https://mistertranslation.com/dict/charis.html,0,5,0%,54.4
https://mistertranslation.com/dict/presbyteros.html,0,5,0%,54.4
https://mistertranslation.com/atlas/etham.html,0,5,0%,55.6
https://mistertranslation.com/dict/shachat.html,0,5,0%,56.8
https://mistertranslation.com/dict/hypomone.html,0,5,0%,58
https://mistertranslation.com/atlas/kir.html,0,5,0%,62
https://mistertranslation.com/dict/parthenos.html,0,5,0%,62.2
https://mistertranslation.com/dict/eirene.es.html,0,5,0%,62.8
https://mistertranslation.com/dict/yah.html,0,5,0%,63.2
https://mistertranslation.com/dict/nephilim.html,0,5,0%,63.6
https://mistertranslation.com/dict/thlipsis.html,0,5,0%,64
https://mistertranslation.com/dict/matsevah.html,0,5,0%,64.2
https://mistertranslation.com/atlas/sodom-gomorrah.html,0,5,0%,64.4
https://mistertranslation.com/ency/herodias.html,0,5,0%,64.6
https://mistertranslation.com/daniel-3.html,0,5,0%,64.8
https://mistertranslation.com/ency/achaia.html,0,5,0%,66.4
https://mistertranslation.com/dict/torah.html,0,5,0%,66.6
https://mistertranslation.com/atlas/gadara.html,0,5,0%,67
https://mistertranslation.com/ency/jerusalem.es.html,0,5,0%,71.4
https://mistertranslation.com/dict/chayil.html,0,5,0%,71.6
https://mistertranslation.com/ency/capernaum.html,0,5,0%,74.4
https://mistertranslation.com/ency/salem.html,0,5,0%,75.8
https://mistertranslation.com/dict/exousia.html,0,5,0%,79.2
https://mistertranslation.com/ency/mount-of-olives.html,0,5,0%,80.2
https://mistertranslation.com/atlas/bozrah.html,0,5,0%,80.4
https://mistertranslation.com/ency/jehoiakim.html,0,5,0%,80.4
https://mistertranslation.com/dict/koach.html,0,5,0%,81.6
https://mistertranslation.com/ency/chebar.html,0,5,0%,82.6
https://mistertranslation.com/ency/haran-city.html,0,5,0%,85.4
https://mistertranslation.com/ency/sychar.html,0,5,0%,88.6
https://mistertranslation.com/luke-1.html,0,4,0%,1.75
https://mistertranslation.com/dict/berikh.es.html,0,4,0%,3
https://mistertranslation.com/dict/ovnayim.html,0,4,0%,4.25
https://mistertranslation.com/dict/epieikes.es.html,0,4,0%,4.5
https://mistertranslation.com/dict/syzygos.es.html,0,4,0%,4.75
https://mistertranslation.com/matthew-6.html,0,4,0%,4.75
https://mistertranslation.com/dict/chamad.es.html,0,4,0%,5
https://mistertranslation.com/ecclesiastes-3.html,0,4,0%,5
https://mistertranslation.com/job-1.html,0,4,0%,5.75
https://mistertranslation.com/dict/kenaani.es.html,0,4,0%,6.75
https://mistertranslation.com/dict/zeman.es.html,0,4,0%,7.5
https://mistertranslation.com/dict/makhov.html,0,4,0%,7.75
https://mistertranslation.com/dict/nafash.html,0,4,0%,7.75
https://mistertranslation.com/dict/mezimmah.html,0,4,0%,8
https://mistertranslation.com/dict/logizomai.es.html,0,4,0%,9.25
https://mistertranslation.com/dict/physioo.html,0,4,0%,9.25
https://mistertranslation.com/dict/aiteo.es.html,0,4,0%,9.75
https://mistertranslation.com/dict/gulgolet.html,0,4,0%,9.75
https://mistertranslation.com/dict/malku.html,0,4,0%,9.75
https://mistertranslation.com/dict/tachy.es.html,0,4,0%,9.75
https://mistertranslation.com/dict/shechin.html,0,4,0%,10.25
https://mistertranslation.com/genesis-19.html,0,4,0%,12
https://mistertranslation.com/dict/tapeinosis.html,0,4,0%,12.5
https://mistertranslation.com/dict/yarad.html,0,4,0%,12.75
https://mistertranslation.com/dict/kainos.html,0,4,0%,15
https://mistertranslation.com/reading.html,0,4,0%,15.5
https://mistertranslation.com/dict/charakter.html,0,4,0%,15.75
https://mistertranslation.com/dict/sheva.html,0,4,0%,17.25
https://mistertranslation.com/genesis-49.html,0,4,0%,18.5
https://mistertranslation.com/dict/desmios.html,0,4,0%,18.75
https://mistertranslation.com/genesis-41.html,0,4,0%,19.75
https://mistertranslation.com/dict/kraspedon.html,0,4,0%,21
https://mistertranslation.com/dict/aparneomai.es.html,0,4,0%,21.75
https://mistertranslation.com/exodus-4.html,0,4,0%,22.75
https://mistertranslation.com/dict/oligopistos.html,0,4,0%,24
https://mistertranslation.com/dict/anah.html,0,4,0%,24.25
https://mistertranslation.com/genesis-43.html,0,4,0%,25.75
https://mistertranslation.com/dict/sapar.html,0,4,0%,26.75
https://mistertranslation.com/book-jeremiah.html,0,4,0%,28.75
https://mistertranslation.com/jeremiah-21.html,0,4,0%,29.5
https://mistertranslation.com/dict/chamad.html,0,4,0%,29.75
https://mistertranslation.com/dict/spilas.html,0,4,0%,30.5
https://mistertranslation.com/dict/splanchnizomai.html,0,4,0%,31
https://mistertranslation.com/dict/bamah.html,0,4,0%,32.5
https://mistertranslation.com/book-1-samuel.html,0,4,0%,33
https://mistertranslation.com/ruth-1.html,0,4,0%,33.75
https://mistertranslation.com/atlas/elkosh.html,0,4,0%,34
https://mistertranslation.com/dict/phronimos.html,0,4,0%,34.5
https://mistertranslation.com/exodus-7.html,0,4,0%,34.5
https://mistertranslation.com/amos-1.html,0,4,0%,35.75
https://mistertranslation.com/atlas/en-rogel.html,0,4,0%,35.75
https://mistertranslation.com/genesis-7.html,0,4,0%,38
https://mistertranslation.com/dict/aman.html,0,4,0%,38.75
https://mistertranslation.com/hebrews-1.html,0,4,0%,38.75
https://mistertranslation.com/dict/qorban.html,0,4,0%,39.25
https://mistertranslation.com/dict/doule.html,0,4,0%,41.25
https://mistertranslation.com/dict/mizmor.html,0,4,0%,41.25
https://mistertranslation.com/ency/david.html,0,4,0%,43.25
https://mistertranslation.com/dict/stephanos.html,0,4,0%,43.5
https://mistertranslation.com/dict/eda.html,0,4,0%,43.75
https://mistertranslation.com/atlas/carmel.html,0,4,0%,45.75
https://mistertranslation.com/dict/qeshet.html,0,4,0%,45.75
https://mistertranslation.com/dict/sod.html,0,4,0%,46
https://mistertranslation.com/book-song-of-solomon.html,0,4,0%,46.25
https://mistertranslation.com/dict/porneia.es.html,0,4,0%,46.75
https://mistertranslation.com/dict/pilegesh.html,0,4,0%,48.25
https://mistertranslation.com/1-chronicles-1.html,0,4,0%,49
https://mistertranslation.com/dict/barad.html,0,4,0%,50.25
https://mistertranslation.com/dict/esek.html,0,4,0%,50.25
https://mistertranslation.com/matthew-23.html,0,4,0%,52.5
https://mistertranslation.com/dict/diabolos.html,0,4,0%,53.5
https://mistertranslation.com/dict/nacham.html,0,4,0%,54.75
https://mistertranslation.com/dict/philadelphia.html,0,4,0%,55.25
https://mistertranslation.com/ency/kir.html,0,4,0%,55.5
https://mistertranslation.com/ency/judean-wilderness.html,0,4,0%,55.75
https://mistertranslation.com/dict/ehyeh.html,0,4,0%,56.25
https://mistertranslation.com/ency/sela.html,0,4,0%,57.5
https://mistertranslation.com/dict/nasi.html,0,4,0%,58.75
https://mistertranslation.com/atlas/gerar.html,0,4,0%,59
https://mistertranslation.com/atlas/solomons-portico.html,0,4,0%,59.5
https://mistertranslation.com/ency/jabbok.html,0,4,0%,61
https://mistertranslation.com/dict/hineni.html,0,4,0%,61.75
https://mistertranslation.com/ency/egypt.html,0,4,0%,63.25
https://mistertranslation.com/dict/hodos.html,0,4,0%,63.5
https://mistertranslation.com/ency/gath-hepher.html,0,4,0%,64.5
https://mistertranslation.com/ency/judas-son-of-james.html,0,4,0%,66
https://mistertranslation.com/ency/john-of-patmos.html,0,4,0%,66.25
https://mistertranslation.com/ency/levi.html,0,4,0%,66.75
https://mistertranslation.com/dict/niddah.html,0,4,0%,67
https://mistertranslation.com/ency/nicodemus.html,0,4,0%,67.75
https://mistertranslation.com/ency/nathanael.html,0,4,0%,68
https://mistertranslation.com/dict/phos.html,0,4,0%,68.5
https://mistertranslation.com/ency/rahab.html,0,4,0%,68.5
https://mistertranslation.com/ency/succoth-egypt.html,0,4,0%,69
https://mistertranslation.com/dict/naos.html,0,4,0%,69.5
https://mistertranslation.com/book-2-kings.html,0,4,0%,70.75
https://mistertranslation.com/zephaniah-1.html,0,4,0%,70.75
https://mistertranslation.com/dict/therion.html,0,4,0%,74
https://mistertranslation.com/ency/cana.html,0,4,0%,74
https://mistertranslation.com/dict/aion.html,0,4,0%,74.5
https://mistertranslation.com/dict/shaddai.html,0,4,0%,74.5
https://mistertranslation.com/ency/pithom-raamses.html,0,4,0%,75
https://mistertranslation.com/atlas/decapolis.html,0,4,0%,75.75
https://mistertranslation.com/ency/uzziah.html,0,4,0%,75.75
https://mistertranslation.com/ency/gibeon.html,0,4,0%,76
https://mistertranslation.com/atlas/moab.html,0,4,0%,76.25
https://mistertranslation.com/dict/tohu-vavohu.html,0,4,0%,76.5
https://mistertranslation.com/dict/petra.html,0,4,0%,78.25
https://mistertranslation.com/ency/zedekiah.html,0,4,0%,79.25
https://mistertranslation.com/dict/paradeisos.html,0,4,0%,79.75
https://mistertranslation.com/ency/herod-the-great.html,0,4,0%,82
https://mistertranslation.com/atlas/dan-city.html,0,4,0%,86.25
https://mistertranslation.com/ency/decapolis.html,0,4,0%,87.5
https://mistertranslation.com/atlas/tarshish.html,0,4,0%,90
https://mistertranslation.com/dict/gur.html,0,4,0%,91.75
https://mistertranslation.com/atlas/tigris.html,0,4,0%,94
https://mistertranslation.com/dict/plach.es.html,0,3,0%,4
https://mistertranslation.com/dict/synteleia.es.html,0,3,0%,4
https://mistertranslation.com/dict/nirdaf.html,0,3,0%,5
https://mistertranslation.com/dict/qeren.es.html,0,3,0%,6
https://mistertranslation.com/dict/tarasso.es.html,0,3,0%,6
https://mistertranslation.com/dict/meizon.es.html,0,3,0%,7.33
https://mistertranslation.com/dict/phronema.es.html,0,3,0%,7.67
https://mistertranslation.com/daniel-12.html,0,3,0%,8
https://mistertranslation.com/dict/biblaridion.html,0,3,0%,8
https://mistertranslation.com/dict/doulos.es.html,0,3,0%,8
https://mistertranslation.com/dict/elenchos.es.html,0,3,0%,8
https://mistertranslation.com/dict/hygiaino.html,0,3,0%,8
https://mistertranslation.com/dict/yarekh.html,0,3,0%,8
https://mistertranslation.com/exodus-20.html,0,3,0%,8
https://mistertranslation.com/dict/harag.es.html,0,3,0%,8.33
https://mistertranslation.com/dict/moshia.html,0,3,0%,8.33
https://mistertranslation.com/dict/safun.html,0,3,0%,8.33
https://mistertranslation.com/dict/shiqquts.html,0,3,0%,8.33
https://mistertranslation.com/dict/alluf.html,0,3,0%,8.67
https://mistertranslation.com/dict/sikkel.html,0,3,0%,8.67
https://mistertranslation.com/dict/yitron.html,0,3,0%,8.67
https://mistertranslation.com/dict/archegos.html,0,3,0%,9
https://mistertranslation.com/dict/hodos.es.html,0,3,0%,9
https://mistertranslation.com/dict/metoikesia.html,0,3,0%,9
https://mistertranslation.com/dict/peti.html,0,3,0%,9
https://mistertranslation.com/dict/syneidesis.es.html,0,3,0%,9
https://mistertranslation.com/atlas/siddim.html,0,3,0%,9.33
https://mistertranslation.com/dict/hieron.es.html,0,3,0%,9.33
https://mistertranslation.com/dict/qanna.es.html,0,3,0%,9.33
https://mistertranslation.com/dict/tekmerion.html,0,3,0%,9.33
https://mistertranslation.com/dict/autarkes.html,0,3,0%,9.67
https://mistertranslation.com/dict/therapeia.es.html,0,3,0%,9.67
https://mistertranslation.com/dict/beliyaal.html,0,3,0%,10
https://mistertranslation.com/dict/biazomai.es.html,0,3,0%,10
https://mistertranslation.com/dict/sklerokardia.es.html,0,3,0%,10
https://mistertranslation.com/dict/yabam.html,0,3,0%,10
https://mistertranslation.com/dict/chomah.html,0,3,0%,15.67
https://mistertranslation.com/dict/hyperauxano.html,0,3,0%,15.67
https://mistertranslation.com/genesis-17.html,0,3,0%,16
https://mistertranslation.com/dict/plach.html,0,3,0%,16.33
https://mistertranslation.com/judges-1.html,0,3,0%,16.33
https://mistertranslation.com/dict/analambano.html,0,3,0%,17
https://mistertranslation.com/dict/apaugasma.html,0,3,0%,17
https://mistertranslation.com/dict/battalogeo.html,0,3,0%,17
https://mistertranslation.com/ency/beersheba.html,0,3,0%,17.33
https://mistertranslation.com/dict/nuach.html,0,3,0%,19.67
https://mistertranslation.com/dict/katharizo.html,0,3,0%,20
https://mistertranslation.com/dict/tiqqun-soferim.html,0,3,0%,20.67
https://mistertranslation.com/exodus-12.html,0,3,0%,21.33
https://mistertranslation.com/dict/anachoreo.html,0,3,0%,26.33
https://mistertranslation.com/dict/poiema.es.html,0,3,0%,27
https://mistertranslation.com/dict/machah.es.html,0,3,0%,27.33
https://mistertranslation.com/dict/barbaros.html,0,3,0%,27.67
https://mistertranslation.com/dict/choshech.html,0,3,0%,27.67
https://mistertranslation.com/dict/paradidomi.html,0,3,0%,28
https://mistertranslation.com/dict/shaqed.html,0,3,0%,29
https://mistertranslation.com/dict/dabaq.html,0,3,0%,29.33
https://mistertranslation.com/dict/shalom.html,0,3,0%,29.67
https://mistertranslation.com/dict/radam.html,0,3,0%,30
https://mistertranslation.com/dict/arete.html,0,3,0%,30.33
https://mistertranslation.com/matthew-4.html,0,3,0%,30.67
https://mistertranslation.com/dict/adokimos.html,0,3,0%,31.67
https://mistertranslation.com/ency/smyrna.html,0,3,0%,31.67
https://mistertranslation.com/atlas/aenon.html,0,3,0%,32
https://mistertranslation.com/dict/kesitah.html,0,3,0%,32
https://mistertranslation.com/dict/tzevaot.html,0,3,0%,32
https://mistertranslation.com/2-chronicles-1.html,0,3,0%,33
https://mistertranslation.com/dict/matteh.html,0,3,0%,33.67
https://mistertranslation.com/dict/demut.html,0,3,0%,34.33
https://mistertranslation.com/ency/aenon.html,0,3,0%,35
https://mistertranslation.com/dict/behemah.es.html,0,3,0%,35.67
https://mistertranslation.com/dict/distazo.html,0,3,0%,36
https://mistertranslation.com/dict/metamorphoo.es.html,0,3,0%,36
https://mistertranslation.com/dict/porosis.html,0,3,0%,36.67
https://mistertranslation.com/acts-1.html,0,3,0%,37
https://mistertranslation.com/dict/katapetasma.html,0,3,0%,37
https://mistertranslation.com/dict/phosphoros.html,0,3,0%,37.67
https://mistertranslation.com/exodus-8.html,0,3,0%,38
https://mistertranslation.com/dict/pesel.html,0,3,0%,38.33
https://mistertranslation.com/dict/kopher.html,0,3,0%,39
https://mistertranslation.com/dict/qav.html,0,3,0%,39.67
https://mistertranslation.com/dict/achuzzah.html,0,3,0%,40
https://mistertranslation.com/dict/shalach.html,0,3,0%,40
https://mistertranslation.com/dict/anothen.html,0,3,0%,40.33
https://mistertranslation.com/dict/tharseo.html,0,3,0%,40.67
https://mistertranslation.com/dict/tzur.html,0,3,0%,40.67
https://mistertranslation.com/ency/enaim.html,0,3,0%,41
https://mistertranslation.com/dict/shalshelet.html,0,3,0%,41.33
https://mistertranslation.com/genesis-10.html,0,3,0%,42
https://mistertranslation.com/dict/glossa.html,0,3,0%,42.67
https://mistertranslation.com/dict/aletheia.es.html,0,3,0%,43
https://mistertranslation.com/dict/dorean.html,0,3,0%,43
https://mistertranslation.com/dict/sullam.html,0,3,0%,43.67
https://mistertranslation.com/dict/pala.html,0,3,0%,44.33
https://mistertranslation.com/daniel-11.html,0,3,0%,45.33
https://mistertranslation.com/dict/despotes.html,0,3,0%,45.33
https://mistertranslation.com/zechariah-1.es.html,0,3,0%,45.67
https://mistertranslation.com/dict/maaser.html,0,3,0%,46
https://mistertranslation.com/genesis-44.html,0,3,0%,46.67
https://mistertranslation.com/dict/anathema.html,0,3,0%,47.67
https://mistertranslation.com/atlas/topheth.es.html,0,3,0%,48
https://mistertranslation.com/ency/daniel.html,0,3,0%,48
https://mistertranslation.com/ency/hagar.html,0,3,0%,49
https://mistertranslation.com/atlas/on-heliopolis.html,0,3,0%,49.67
https://mistertranslation.com/dict/seneh.html,0,3,0%,50.33
https://mistertranslation.com/dict/qadash.html,0,3,0%,50.67
https://mistertranslation.com/dict/ger.html,0,3,0%,52.33
https://mistertranslation.com/dict/peirazo.html,0,3,0%,55
https://mistertranslation.com/ency/baal.html,0,3,0%,55.67
https://mistertranslation.com/atlas/jordan.html,0,3,0%,56
https://mistertranslation.com/dict/genesis.html,0,3,0%,56
https://mistertranslation.com/dict/amal.html,0,3,0%,56.33
https://mistertranslation.com/colossians-1.html,0,3,0%,56.67
https://mistertranslation.com/dict/minchah.html,0,3,0%,56.67
https://mistertranslation.com/ency/nahum.html,0,3,0%,57.67
https://mistertranslation.com/ency/rachel.es.html,0,3,0%,58
https://mistertranslation.com/matthew-3.html,0,3,0%,58
https://mistertranslation.com/ency/elkosh.html,0,3,0%,58.33
https://mistertranslation.com/dict/merkavah.html,0,3,0%,58.67
https://mistertranslation.com/dict/tsadaq.html,0,3,0%,58.67
https://mistertranslation.com/dict/didrachmon.es.html,0,3,0%,61.67
https://mistertranslation.com/ency/sodom.html,0,3,0%,64.33
https://mistertranslation.com/ency/potter.html,0,3,0%,64.67
https://mistertranslation.com/ency/tigris.html,0,3,0%,65.33
https://mistertranslation.com/dict/karet.html,0,3,0%,65.67
https://mistertranslation.com/dict/zohar.html,0,3,0%,67.33
https://mistertranslation.com/ency/hananel-tower.html,0,3,0%,67.33
https://mistertranslation.com/dict/adonai.es.html,0,3,0%,68.33
https://mistertranslation.com/atlas/qumran.html,0,3,0%,68.67
https://mistertranslation.com/atlas/arabia.html,0,3,0%,69.33
https://mistertranslation.com/ency/jonah.html,0,3,0%,69.33
https://mistertranslation.com/dict/segullah.html,0,3,0%,69.67
https://mistertranslation.com/dict/bara.html,0,3,0%,71
https://mistertranslation.com/dict/mashiach.html,0,3,0%,71
https://mistertranslation.com/dict/naveh.es.html,0,3,0%,74
https://mistertranslation.com/ency/gilead.html,0,3,0%,74.67
https://mistertranslation.com/2-thessalonians-1.html,0,3,0%,75
https://mistertranslation.com/dict/el-olam.html,0,3,0%,75
https://mistertranslation.com/dict/sheol.html,0,3,0%,75
https://mistertranslation.com/ency/gadara.html,0,3,0%,75.33
https://mistertranslation.com/dict/ot.html,0,3,0%,76.33
https://mistertranslation.com/dict/phronimos.es.html,0,3,0%,76.33
https://mistertranslation.com/ency/herodias.es.html,0,3,0%,77.67
https://mistertranslation.com/dict/adonai.html,0,3,0%,78
https://mistertranslation.com/dict/lekh-lekha.html,0,3,0%,78.33
https://mistertranslation.com/atlas/topheth.html,0,3,0%,78.67
https://mistertranslation.com/ency/ashdod.html,0,3,0%,78.67
https://mistertranslation.com/dict/zakhar.html,0,3,0%,80
https://mistertranslation.com/ency/shiloh.html,0,3,0%,80
https://mistertranslation.com/ency/tamar.html,0,3,0%,80
https://mistertranslation.com/dict/gid-hanasheh.html,0,3,0%,80.33
https://mistertranslation.com/atlas/samaria.html,0,3,0%,82
https://mistertranslation.com/atlas/gihon-spring.html,0,3,0%,82.33
https://mistertranslation.com/ency/melchizedek.html,0,3,0%,82.67
https://mistertranslation.com/atlas/patmos.html,0,3,0%,86.33
https://mistertranslation.com/ency/caiaphas.html,0,3,0%,87.33
https://mistertranslation.com/dict/almah.html,0,3,0%,88
https://mistertranslation.com/dict/tachash.html,0,3,0%,91.67
https://mistertranslation.com/ency/caesarea-philippi.html,0,3,0%,91.67
https://mistertranslation.com/atlas/dothan.html,0,3,0%,95
https://mistertranslation.com/atlas/chorazin.html,0,3,0%,98.33
https://mistertranslation.com/dict/taarog.html,0,2,0%,2
https://mistertranslation.com/dict/hypsoo.es.html,0,2,0%,3
https://mistertranslation.com/dict/kophinos.html,0,2,0%,3
https://mistertranslation.com/dict/psephos.html,0,2,0%,3
https://mistertranslation.com/dict/rokeach.html,0,2,0%,3
https://mistertranslation.com/dict/ruqqam.html,0,2,0%,3
https://mistertranslation.com/dict/sivlot.html,0,2,0%,3
https://mistertranslation.com/ency/silvanus.html,0,2,0%,3
https://mistertranslation.com/thanks.html,0,2,0%,3
https://mistertranslation.com/biblioteca.html,0,2,0%,3.5
https://mistertranslation.com/dict/nekhar.html,0,2,0%,3.5
https://mistertranslation.com/dict/syndoulos.es.html,0,2,0%,3.5
https://mistertranslation.com/ency/timothy.html,0,2,0%,3.5
https://mistertranslation.com/atlas/beersheba.html,0,2,0%,4
https://mistertranslation.com/dict/sokhenet.html,0,2,0%,4
https://mistertranslation.com/dict/shavar.es.html,0,2,0%,4.5
https://mistertranslation.com/dict/katathematizo.html,0,2,0%,5.5
https://mistertranslation.com/dict/synantilambanomai.html,0,2,0%,5.5
https://mistertranslation.com/dict/tachat-hashemesh.html,0,2,0%,5.5
https://mistertranslation.com/isaiah-53.html,0,2,0%,5.5
https://mistertranslation.com/new-testament.html,0,2,0%,5.5
https://mistertranslation.com/dict/acharit.es.html,0,2,0%,6
https://mistertranslation.com/dict/chafetz.html,0,2,0%,6
https://mistertranslation.com/dict/esoptron.es.html,0,2,0%,6.5
https://mistertranslation.com/dict/angareuo.html,0,2,0%,7
https://mistertranslation.com/dict/kapporet.es.html,0,2,0%,7
https://mistertranslation.com/dict/proinos.html,0,2,0%,7
https://mistertranslation.com/jeremiah-18.es.html,0,2,0%,7
https://mistertranslation.com/dict/alethinos.es.html,0,2,0%,7.5
https://mistertranslation.com/dict/chadal.html,0,2,0%,7.5
https://mistertranslation.com/dict/segullah.es.html,0,2,0%,7.5
https://mistertranslation.com/dict/talitha.es.html,0,2,0%,7.5
https://mistertranslation.com/dict/acharit.html,0,2,0%,8
https://mistertranslation.com/dict/taraf.html,0,2,0%,8
https://mistertranslation.com/dict/yeor.html,0,2,0%,8
https://mistertranslation.com/genesis-16.html,0,2,0%,8
https://mistertranslation.com/revelation-6.es.html,0,2,0%,8
https://mistertranslation.com/dict/kephale-gonias.es.html,0,2,0%,8.5
https://mistertranslation.com/dict/kes.html,0,2,0%,8.5
https://mistertranslation.com/dict/tzaddiq.html,0,2,0%,8.5
https://mistertranslation.com/diccionario.html,0,2,0%,9
https://mistertranslation.com/dict/gazam.html,0,2,0%,9
https://mistertranslation.com/dict/inyan.html,0,2,0%,9
https://mistertranslation.com/dict/kalos.es.html,0,2,0%,9.5
https://mistertranslation.com/dict/moledet.html,0,2,0%,9.5
https://mistertranslation.com/matthew-8.html,0,2,0%,9.5
https://mistertranslation.com/atlas.html,0,2,0%,10
https://mistertranslation.com/dict/chotam.html,0,2,0%,10
https://mistertranslation.com/dict/kekoniamenos.es.html,0,2,0%,10
https://mistertranslation.com/dict/machseh.es.html,0,2,0%,10
https://mistertranslation.com/dict/melits.html,0,2,0%,10
https://mistertranslation.com/dict/symballo.es.html,0,2,0%,10
https://mistertranslation.com/dict/yatsar.es.html,0,2,0%,10
https://mistertranslation.com/atlas/cana.es.html,0,2,0%,11
https://mistertranslation.com/dict/tachlit.html,0,2,0%,11
https://mistertranslation.com/dict/diatheke.es.html,0,2,0%,11.5
https://mistertranslation.com/dict/golah.html,0,2,0%,12
https://mistertranslation.com/dict/metretes.html,0,2,0%,12
https://mistertranslation.com/dict/phroureo.html,0,2,0%,12
https://mistertranslation.com/dict/tharseo.es.html,0,2,0%,12
https://mistertranslation.com/dict/splanchna.html,0,2,0%,13
https://mistertranslation.com/dict/zadon.html,0,2,0%,13.5
https://mistertranslation.com/revelation-2.html,0,2,0%,16
https://mistertranslation.com/jeremiah-31.html,0,2,0%,17
https://mistertranslation.com/dict/dudaim.html,0,2,0%,17.5
https://mistertranslation.com/dict/qoneh.html,0,2,0%,18.5
https://mistertranslation.com/book-daniel.html,0,2,0%,20.5
https://mistertranslation.com/genesis-20.html,0,2,0%,21
https://mistertranslation.com/genesis-48.html,0,2,0%,21
https://mistertranslation.com/dict/qinah.html,0,2,0%,21.5
https://mistertranslation.com/dict/hypokrites.html,0,2,0%,23
https://mistertranslation.com/ency/chorazin.es.html,0,2,0%,23.5
https://mistertranslation.com/dict/haskel.html,0,2,0%,24.5
https://mistertranslation.com/dict/arrabon.html,0,2,0%,25
https://mistertranslation.com/dict/raz.html,0,2,0%,25.5
https://mistertranslation.com/dict/epiphaneia.html,0,2,0%,26
https://mistertranslation.com/dict/chashav.html,0,2,0%,27.5
https://mistertranslation.com/dict/horizo.html,0,2,0%,27.5
https://mistertranslation.com/dict/hoy.html,0,2,0%,28
https://mistertranslation.com/dict/kataluma.html,0,2,0%,28.5
https://mistertranslation.com/dict/talitha.html,0,2,0%,29
https://mistertranslation.com/dict/arov.html,0,2,0%,29.5
https://mistertranslation.com/dict/natsal.html,0,2,0%,29.5
https://mistertranslation.com/ency/judas-iscariot.html,0,2,0%,29.5
https://mistertranslation.com/dict/goral.html,0,2,0%,30
https://mistertranslation.com/dict/kauchaomai.html,0,2,0%,30
https://mistertranslation.com/dict/asham.html,0,2,0%,30.5
https://mistertranslation.com/dict/dever.html,0,2,0%,30.5
https://mistertranslation.com/psalms-91.html,0,2,0%,30.5
https://mistertranslation.com/dict/ot-umofet.html,0,2,0%,31.5
https://mistertranslation.com/dict/parousia.es.html,0,2,0%,31.5
https://mistertranslation.com/dict/mabul.html,0,2,0%,32
https://mistertranslation.com/dict/betsa.html,0,2,0%,32.5
https://mistertranslation.com/revelation-1.html,0,2,0%,32.5
https://mistertranslation.com/dict/zevach.html,0,2,0%,33
https://mistertranslation.com/dict/derekh.html,0,2,0%,33.5
https://mistertranslation.com/dict/euchrestos.html,0,2,0%,33.5
https://mistertranslation.com/ency/hannah.html,0,2,0%,34.5
https://mistertranslation.com/dict/bekhorah.html,0,2,0%,35
https://mistertranslation.com/dict/matheteuo.html,0,2,0%,35
https://mistertranslation.com/travel/ramen-ryoma-beaverton.html,0,2,0%,35
https://mistertranslation.com/dict/sphragis.html,0,2,0%,35.5
https://mistertranslation.com/dict/hetairos.html,0,2,0%,36
https://mistertranslation.com/dict/metron.html,0,2,0%,36.5
https://mistertranslation.com/dict/praus.es.html,0,2,0%,36.5
https://mistertranslation.com/dict/chamas.html,0,2,0%,37
https://mistertranslation.com/dict/sakal.html,0,2,0%,38
https://mistertranslation.com/exodus-2.html,0,2,0%,38
https://mistertranslation.com/dict/amnos.html,0,2,0%,39
https://mistertranslation.com/dict/iota.html,0,2,0%,39
https://mistertranslation.com/dict/paidion.html,0,2,0%,39
https://mistertranslation.com/matthew-28.html,0,2,0%,39
https://mistertranslation.com/dict/shaag.html,0,2,0%,39.5
https://mistertranslation.com/dict/elef.html,0,2,0%,40.5
https://mistertranslation.com/dict/anakephalaioo.html,0,2,0%,41.5
https://mistertranslation.com/genesis-45.html,0,2,0%,42
https://mistertranslation.com/dict/ainigma.html,0,2,0%,43
https://mistertranslation.com/dict/eirene.html,0,2,0%,43.5
https://mistertranslation.com/dict/apokalypsis.html,0,2,0%,44.5
https://mistertranslation.com/book-isaiah.html,0,2,0%,45
https://mistertranslation.com/dict/pais.html,0,2,0%,45
https://mistertranslation.com/book-2-peter.html,0,2,0%,46
https://mistertranslation.com/dict/min.html,0,2,0%,46
https://mistertranslation.com/ency/new-jerusalem.es.html,0,2,0%,46
https://mistertranslation.com/atlas/zion.es.html,0,2,0%,48.5
https://mistertranslation.com/dict/nasa.html,0,2,0%,49.5
https://mistertranslation.com/atlas/kadesh.html,0,2,0%,50
https://mistertranslation.com/dict/adam.html,0,2,0%,50.5
https://mistertranslation.com/dict/bekhor.html,0,2,0%,50.5
https://mistertranslation.com/dict/zoa.html,0,2,0%,51
https://mistertranslation.com/dict/amphiblestron.html,0,2,0%,52.5
https://mistertranslation.com/dict/apokatastasis.es.html,0,2,0%,52.5
https://mistertranslation.com/dict/koinos.html,0,2,0%,53
https://mistertranslation.com/dict/tardemah.html,0,2,0%,53.5
https://mistertranslation.com/exodus-19.html,0,2,0%,53.5
https://mistertranslation.com/dict/cherem.html,0,2,0%,55
https://mistertranslation.com/dict/mizbeach.html,0,2,0%,55.5
https://mistertranslation.com/ency/paul.es.html,0,2,0%,55.5
https://mistertranslation.com/dict/tom.html,0,2,0%,57.5
https://mistertranslation.com/dict/syneidesis.html,0,2,0%,58
https://mistertranslation.com/dict/katabole.html,0,2,0%,58.5
https://mistertranslation.com/exodus-22.html,0,2,0%,59.5
https://mistertranslation.com/dict/elpis.html,0,2,0%,60
https://mistertranslation.com/dict/saris.html,0,2,0%,60.5
https://mistertranslation.com/ency/hebron.html,0,2,0%,61
https://mistertranslation.com/dict/dynamis.html,0,2,0%,61.5
https://mistertranslation.com/ency/euphrates.html,0,2,0%,61.5
https://mistertranslation.com/ency/zion.html,0,2,0%,62
https://mistertranslation.com/dict/chaburah.html,0,2,0%,62.5
https://mistertranslation.com/dict/magoi.html,0,2,0%,62.5
https://mistertranslation.com/dict/suph.html,0,2,0%,62.5
https://mistertranslation.com/ency/darius-i.html,0,2,0%,62.5
https://mistertranslation.com/dict/hades.es.html,0,2,0%,63
https://mistertranslation.com/dict/hagah.html,0,2,0%,64
https://mistertranslation.com/ency/elijah.html,0,2,0%,64.5
https://mistertranslation.com/ency/lachish.html,0,2,0%,64.5
https://mistertranslation.com/ency/bezalel.html,0,2,0%,65.5
https://mistertranslation.com/dict/ethnos.html,0,2,0%,66
https://mistertranslation.com/dict/hapax.html,0,2,0%,66
https://mistertranslation.com/ency/eunice.html,0,2,0%,66
https://mistertranslation.com/dict/dendron.html,0,2,0%,66.5
https://mistertranslation.com/dict/nazir.html,0,2,0%,66.5
https://mistertranslation.com/dict/xenos.html,0,2,0%,66.5
https://mistertranslation.com/dict/pneuma.es.html,0,2,0%,67
https://mistertranslation.com/dict/tetrarches.html,0,2,0%,67.5
https://mistertranslation.com/ency/qohelet.html,0,2,0%,67.5
https://mistertranslation.com/dict/apostolos.html,0,2,0%,68
https://mistertranslation.com/atlas/laodicea.html,0,2,0%,68.5
https://mistertranslation.com/ency/michael-archangel.html,0,2,0%,68.5
https://mistertranslation.com/ency/ishmael.html,0,2,0%,70.5
https://mistertranslation.com/ency/magi.html,0,2,0%,71
https://mistertranslation.com/exodus-21.html,0,2,0%,71
https://mistertranslation.com/ency/habakkuk.html,0,2,0%,71.5
https://mistertranslation.com/ency/gethsemane.html,0,2,0%,72
https://mistertranslation.com/dict/christos.html,0,2,0%,72.5
https://mistertranslation.com/ency/bethsaida.html,0,2,0%,73
https://mistertranslation.com/ency/tekoa.html,0,2,0%,73.5
https://mistertranslation.com/dict/hadas.html,0,2,0%,74
https://mistertranslation.com/ency/anathoth.html,0,2,0%,74.5
https://mistertranslation.com/dict/ednah.html,0,2,0%,75.5
https://mistertranslation.com/ency/shiphrah-puah.html,0,2,0%,75.5
https://mistertranslation.com/dict/gibbor.html,0,2,0%,76
https://mistertranslation.com/dict/kadosh.html,0,2,0%,76
https://mistertranslation.com/dict/yhvh.html,0,2,0%,76
https://mistertranslation.com/atlas/midian.html,0,2,0%,76.5
https://mistertranslation.com/ency/philistines.html,0,2,0%,77
https://mistertranslation.com/ency/thyatira.html,0,2,0%,77
https://mistertranslation.com/ency/perez.html,0,2,0%,78
https://mistertranslation.com/ency/ur.html,0,2,0%,78
https://mistertranslation.com/atlas/mount-of-beatitudes.html,0,2,0%,79
https://mistertranslation.com/dict/lechem-panim.html,0,2,0%,79
https://mistertranslation.com/dict/pharmakon.es.html,0,2,0%,79
https://mistertranslation.com/dict/toevah.html,0,2,0%,79.5
https://mistertranslation.com/ency/gennesaret.es.html,0,2,0%,79.5
https://mistertranslation.com/dict/ivri.html,0,2,0%,81.5
https://mistertranslation.com/dict/moshe.html,0,2,0%,81.5
https://mistertranslation.com/ency/josiah.html,0,2,0%,82
https://mistertranslation.com/ency/edom.html,0,2,0%,82.5
https://mistertranslation.com/dict/meno.html,0,2,0%,83
https://mistertranslation.com/ency/aaron.html,0,2,0%,83
https://mistertranslation.com/atlas/zion.html,0,2,0%,84.5
https://mistertranslation.com/dict/choshen.html,0,2,0%,84.5
https://mistertranslation.com/dict/toldot.html,0,2,0%,84.5
https://mistertranslation.com/dict/chomer.html,0,2,0%,85.5
https://mistertranslation.com/ency/orpah.html,0,2,0%,85.5
https://mistertranslation.com/atlas/jacobs-well.html,0,2,0%,86
https://mistertranslation.com/dict/gnosis.html,0,2,0%,86
https://mistertranslation.com/dict/maskilim.html,0,2,0%,86
https://mistertranslation.com/ency/chorazin.html,0,2,0%,86.5
https://mistertranslation.com/atlas/egypt.html,0,2,0%,87.5
https://mistertranslation.com/ency/topheth.html,0,2,0%,89
https://mistertranslation.com/dict/yom-yhwh.html,0,2,0%,90
https://mistertranslation.com/acts-2.html,0,1,0%,1
https://mistertranslation.com/dict/dibbah.html,0,1,0%,1
https://mistertranslation.com/dict/yakach.html,0,1,0%,1
https://mistertranslation.com/matthew-2.es.html,0,1,0%,1
https://mistertranslation.com/zechariah-5.html,0,1,0%,1
https://mistertranslation.com/dict/anomia.html,0,1,0%,2
https://mistertranslation.com/dict/chadal.es.html,0,1,0%,2
https://mistertranslation.com/dict/hithalekh.html,0,1,0%,2
https://mistertranslation.com/dict/michyah.html,0,1,0%,2
https://mistertranslation.com/genesis-21.html,0,1,0%,2
https://mistertranslation.com/joshua-6.html,0,1,0%,2
https://mistertranslation.com/dict/akrogoniaios.es.html,0,1,0%,3
https://mistertranslation.com/dict/choinix.es.html,0,1,0%,3
https://mistertranslation.com/dict/evrah.es.html,0,1,0%,3
https://mistertranslation.com/dict/hypsoo.html,0,1,0%,3
https://mistertranslation.com/dict/kardiognostes.html,0,1,0%,3
https://mistertranslation.com/dict/matamim.html,0,1,0%,3
https://mistertranslation.com/dict/qetev.html,0,1,0%,3
https://mistertranslation.com/dict/regalim.html,0,1,0%,3
https://mistertranslation.com/jeremiah-1.es.html,0,1,0%,3
https://mistertranslation.com/travel/write.html,0,1,0%,3
https://mistertranslation.com/dict/achyron.html,0,1,0%,4
https://mistertranslation.com/dict/araphel.es.html,0,1,0%,4
https://mistertranslation.com/dict/elah-illaya.html,0,1,0%,4
https://mistertranslation.com/dict/esoptron.html,0,1,0%,4
https://mistertranslation.com/dict/ethnos.es.html,0,1,0%,4
https://mistertranslation.com/dict/kategor.es.html,0,1,0%,4
https://mistertranslation.com/dict/machashavah.es.html,0,1,0%,4
https://mistertranslation.com/dict/martyreo.es.html,0,1,0%,4
https://mistertranslation.com/dict/tsalmavet.html,0,1,0%,4
https://mistertranslation.com/dict/yacham.es.html,0,1,0%,4
https://mistertranslation.com/exodus-16.es.html,0,1,0%,4
https://mistertranslation.com/matthew-15.html,0,1,0%,4
https://mistertranslation.com/matthew-25.html,0,1,0%,4
https://mistertranslation.com/atlas/sela.html,0,1,0%,5
https://mistertranslation.com/dict/bala.html,0,1,0%,5
https://mistertranslation.com/dict/baqbuq.es.html,0,1,0%,5
https://mistertranslation.com/dict/berakhah.html,0,1,0%,5
https://mistertranslation.com/dict/chafetz.es.html,0,1,0%,5
https://mistertranslation.com/dict/diaphthora.html,0,1,0%,5
https://mistertranslation.com/dict/entole.es.html,0,1,0%,5
https://mistertranslation.com/dict/golah.es.html,0,1,0%,5
https://mistertranslation.com/dict/hifla.html,0,1,0%,5
https://mistertranslation.com/dict/kashaph.es.html,0,1,0%,5
https://mistertranslation.com/dict/metzarim.html,0,1,0%,5
https://mistertranslation.com/dict/phroureo.es.html,0,1,0%,5
https://mistertranslation.com/dict/splanchnizomai.es.html,0,1,0%,5
https://mistertranslation.com/dict/talanton.html,0,1,0%,5
https://mistertranslation.com/dict/teruah.es.html,0,1,0%,5
https://mistertranslation.com/genesis-38.html,0,1,0%,5