Top queries,Clicks,Impressions,CTR,Position
adonijah in the bible,1,3,33.33%,67.33
chara greek,1,2,50%,40.5
imagen en griego,1,1,100%,19
goshen,0,27,0%,84.81
pleroo,0,27,0%,88.04
cactus ya ya reviews,0,24,0%,11.38
eunuco,0,24,0%,80.71
shechem,0,20,0%,84.35
vashti,0,19,0%,87.11
que es un eunuco,0,15,0%,77.87
soteria,0,15,0%,91.4
eunuco significado,0,14,0%,86.71
samaria,0,13,0%,74.77
achaia,0,13,0%,76.77
colossae,0,13,0%,82.77
zipporah,0,13,0%,84.69
zerubbabel,0,13,0%,85.15
leviticus in hebrew,0,12,0%,41.92
nicodemo,0,12,0%,65
kadosh significado,0,12,0%,65.17
adonijah,0,12,0%,76.58
moab bible,0,12,0%,77
cush bible,0,12,0%,78.42
pergamum,0,12,0%,84.67
enoch son of cain,0,11,0%,78.27
corinto,0,11,0%,81.64
asenath,0,11,0%,82
keturah,0,10,0%,74.9
sea of reeds,0,10,0%,78.9
gath,0,10,0%,86.8
exodus 9,0,9,0%,31
1 thessalonians,0,9,0%,42.78
devarim,0,9,0%,56.67
cesarea de filipo,0,9,0%,67.78
hypostasis,0,9,0%,76.78
gehena,0,9,0%,77.44
horeb,0,9,0%,78.44
yam suph,0,9,0%,79.11
doxa meaning,0,9,0%,82.89
goel,0,9,0%,85.78
agape meaning,0,9,0%,88.56
gerar,0,9,0%,90.89
potiphar,0,9,0%,92.78
ezer kenegdo,0,8,0%,58.5
leviticus 1,0,8,0%,62.12
river of egypt,0,8,0%,66.25
obadiah 1,0,8,0%,68
reina de saba,0,8,0%,74.88
joab,0,8,0%,76.12
golgotha,0,8,0%,77.38
agape in greek,0,8,0%,83.38
tarshish,0,8,0%,83.38
ziklag,0,8,0%,83.38
eunucos,0,8,0%,84.75
midian,0,8,0%,86.5
goshen meaning,0,8,0%,90.88
chamad,0,7,0%,7.57
shibbolet,0,7,0%,12.43
joshua 1,0,7,0%,19.86
ashem,0,7,0%,34.71
genesis 33,0,7,0%,43.86
ecclesiastes translation,0,7,0%,44
leviticus 19,0,7,0%,61.57
chazaq meaning,0,7,0%,63.71
que es un eunuco en la biblia,0,7,0%,68
genesaret,0,7,0%,71.71
akeldama,0,7,0%,72.29
eunuco que es,0,7,0%,72.29
que es eunuco,0,7,0%,76.43
shinar,0,7,0%,80
city of ai,0,7,0%,81.57
thessalonica,0,7,0%,82.14
land of uz,0,7,0%,83
g a t h,0,7,0%,83.57
mount gilboa israel,0,7,0%,84.57
significado de eunuco,0,7,0%,84.57
eunucos significado,0,7,0%,85.43
cush bible location,0,7,0%,85.71
ammon,0,7,0%,86.29
gath city,0,7,0%,86.57
ramah,0,7,0%,86.57
antiochus epiphanes,0,7,0%,87.71
shem,0,7,0%,88.57
second temple,0,7,0%,90.43
land of goshen,0,7,0%,91.57
machah,0,6,0%,7.33
olethros,0,6,0%,32.67
1 kings 1,0,6,0%,43
trung nguyen legend coffee world portland,0,6,0%,59.83
nimrod,0,6,0%,63
mount horeb egypt,0,6,0%,63.83
philos,0,6,0%,63.83
samaria en la biblia,0,6,0%,69.5
bathsheba,0,6,0%,72.17
moab in the bible,0,6,0%,73.5
eunuco en la biblia,0,6,0%,74.5
ararat,0,6,0%,80
shur,0,6,0%,80
kavod,0,6,0%,80.33
midianite,0,6,0%,80.83
ekron israel,0,6,0%,81
chronos time,0,6,0%,81.5
goshen in the bible,0,6,0%,82.5
jehoiachin,0,6,0%,83.83
mount horeb,0,6,0%,84.33
machpelah,0,6,0%,85
zarephath,0,6,0%,86.17
goshen definition,0,6,0%,87
mount gilboa,0,6,0%,87
chebar river,0,6,0%,90
missaviv,0,5,0%,8.4
qedeshah,0,5,0%,17.2
mofet,0,5,0%,29.2
mal'akh,0,5,0%,32.2
episkopos,0,5,0%,36
deuteronomy 1,0,5,0%,39.2
logos hebrew,0,5,0%,47
monte horeb sinai,0,5,0%,61.2
tetrarca significado,0,5,0%,62.2
tabernacle of israel,0,5,0%,64.6
porneia,0,5,0%,65.8
tabernacle jerusalem,0,5,0%,66.2
hevel meaning,0,5,0%,70.2
map of the negev,0,5,0%,70.4
midian in the bible,0,5,0%,72.2
elimelech,0,5,0%,75.6
parakletos,0,5,0%,76.2
que significa eunuco,0,5,0%,76.2
gibeon,0,5,0%,77
city of gath,0,5,0%,78.4
zerubbabel in the bible,0,5,0%,78.6
joppa israel,0,5,0%,80.2
land of uz location,0,5,0%,80.8
olah meaning,0,5,0%,81.2
onesiphorus,0,5,0%,81.8
sanhedrin,0,5,0%,82
sidonians,0,5,0%,82
who is zerubbabel in the bible,0,5,0%,82
where was colossae,0,5,0%,82.2
goshen egypt,0,5,0%,82.6
gehena significado,0,5,0%,83.6
makarios meaning,0,5,0%,83.8
shechem bible,0,5,0%,83.8
jabbok river,0,5,0%,84
shiloh bible,0,5,0%,84.4
epignosis meaning,0,5,0%,84.6
is mt horeb and mt sinai the same,0,5,0%,85.4
where was samaria,0,5,0%,85.4
metanoia,0,5,0%,86.2
legion significado,0,5,0%,88.6
parousia meaning,0,5,0%,88.8
archelaus,0,5,0%,90.6
que significa lamo,0,4,0%,11
cactus ya ya,0,4,0%,12.75
kraspedon,0,4,0%,21
sherets,0,4,0%,24.5
joshua chapter 1,0,4,0%,25.5
anatot,0,4,0%,29
grammateus,0,4,0%,30.75
chazaq in hebrew,0,4,0%,39.75
qodesh,0,4,0%,49
dod in hebrew,0,4,0%,52
enoch cain,0,4,0%,60.25
kir in the bible,0,4,0%,61.25
adonijah bible,0,4,0%,61.5
nineveh map,0,4,0%,62.5
son of cain,0,4,0%,62.75
tofet,0,4,0%,63.75
who was the pharaoh in joseph time,0,4,0%,63.75
nicodemus,0,4,0%,64
oikonomia,0,4,0%,65.25
john of patmos,0,4,0%,66.25
meaning of el elohe israel,0,4,0%,66.75
que es eunucos en la biblia,0,4,0%,66.75
chasmal,0,4,0%,68.25
que significa eunuco en la biblia,0,4,0%,68.25
meaning of phos,0,4,0%,68.5
moabul,0,4,0%,68.75
eunuco significado bíblico,0,4,0%,69
the river of galilee,0,4,0%,69.25
que es eunuco en la biblia,0,4,0%,71
joab bible,0,4,0%,71.25
tabernacle jewish,0,4,0%,71.5
apokatastasis,0,4,0%,74
and of nod,0,4,0%,74.5
shiloh meaning in bible,0,4,0%,74.75
king xerxes bible,0,4,0%,75
metanoia meaning,0,4,0%,76.25
chronos meaning,0,4,0%,77.75
exousia,0,4,0%,78
herodias,0,4,0%,78
rachel bible,0,4,0%,78
babel,0,4,0%,78.25
darius the mede,0,4,0%,78.25
goshen bible,0,4,0%,78.5
potiphar's,0,4,0%,79.25
judah bible,0,4,0%,80.25
chazak meaning,0,4,0%,80.5
sozo meaning,0,4,0%,80.75
ekron city,0,4,0%,81.5
pneuma meaning,0,4,0%,81.5
where is kiriath jearim in the bible,0,4,0%,82.5
epignosis,0,4,0%,82.75
where is galatia,0,4,0%,82.75
ramah bible,0,4,0%,83
eunuco definicion,0,4,0%,84.25
kairos meaning bible,0,4,0%,84.5
land of uz today,0,4,0%,84.75
zerubbabel bible,0,4,0%,84.75
ekron,0,4,0%,85.5
ramah in the bible,0,4,0%,85.5
biblical ramah,0,4,0%,86
jeroboam ii,0,4,0%,86.75
zoar bible,0,4,0%,87.5
dinah,0,4,0%,88
gerar bible,0,4,0%,88
en gedi,0,4,0%,88.5
dikaiosune,0,4,0%,88.75
shechem in the bible,0,4,0%,88.75
alphabetic acrostics,0,4,0%,89.25
reed sea,0,4,0%,91
bozrah,0,4,0%,91.75
kairos in greek,0,4,0%,94.75
suach,0,3,0%,4
syzygos,0,3,0%,5
yarad,0,3,0%,7.67
biblaridion meaning,0,3,0%,8
alluf,0,3,0%,8.67
zeroim,0,3,0%,10
shechin,0,3,0%,10.33
niflaot meaning,0,3,0%,10.67
oligopistos,0,3,0%,15.33
dipsychos,0,3,0%,15.67
james 1 interlinear,0,3,0%,22.33
joel 1,0,3,0%,22.67
mofet meaning,0,3,0%,22.67
apecho,0,3,0%,23
entole,0,3,0%,26
buseirah,0,3,0%,28.67
thessalonians,0,3,0%,31.33
corinthians in greek,0,3,0%,33.67
prōtotokos,0,3,0%,36.33
katapetasma,0,3,0%,37
yatsar hebrew meaning,0,3,0%,38
jeremiah 1,0,3,0%,38.33
genesis 27,0,3,0%,41.33
doule meaning,0,3,0%,43.33
genesis 9 hebrew,0,3,0%,45
genesis 24,0,3,0%,46.67
haran bible map,0,3,0%,47.33
tsalach meaning,0,3,0%,47.33
macedonia bible map,0,3,0%,48.33
mal akh,0,3,0%,48.33
ezer kenegdo in bible,0,3,0%,48.67
enaim,0,3,0%,49.67
zechariah son of berechiah,0,3,0%,49.67
achashverosh,0,3,0%,51
paz en griego,0,3,0%,51
tetrarca,0,3,0%,51
euangelion pronunciation,0,3,0%,52
first thessalonians,0,3,0%,52
1 corinthians,0,3,0%,53.67
cana de galilea,0,3,0%,54
hineni in the bible,0,3,0%,54
cana israel map,0,3,0%,54.33
raqia,0,3,0%,54.33
malakh,0,3,0%,55
jehovah nacham,0,3,0%,55.33
aram naharaim,0,3,0%,57
esther 1,0,3,0%,57.33
ha satan meaning,0,3,0%,58.33
ha satan,0,3,0%,58.67
sidonian,0,3,0%,60.33
el pozo de jacob,0,3,0%,60.67
hebrew names for shadrach meshach and abednego,0,3,0%,60.67
where is horeb,0,3,0%,61
hagios,0,3,0%,61.33
cana in galilee map,0,3,0%,62.67
sea of reeds location,0,3,0%,63
map of nineveh,0,3,0%,63.33
teleios greek,0,3,0%,64
where was salem in the bible,0,3,0%,64.33
midian bible,0,3,0%,66.33
horeb monte,0,3,0%,67
bible ziklag,0,3,0%,67.33
lachish,0,3,0%,67.67
gath-hepher,0,3,0%,68
da at,0,3,0%,68.33
dinah bible,0,3,0%,68.33
peirasmos meaning,0,3,0%,68.33
eunucos significado bíblico,0,3,0%,69
mamre location,0,3,0%,69.33
el elohe israel,0,3,0%,69.67
meaning of makarios,0,3,0%,69.67
mount olive bible,0,3,0%,69.67
where was midian,0,3,0%,69.67
the tabernacle,0,3,0%,70.33
qué es un eunuco en la biblia,0,3,0%,70.67
el-elohe-israel,0,3,0%,71
kedar,0,3,0%,71
sea of tiberias bible,0,3,0%,71.33
ezar kenegdo,0,3,0%,71.67
téleios,0,3,0%,71.67
pneuma,0,3,0%,72
doxa means,0,3,0%,72.67
hosanna verses,0,3,0%,72.67
niddah,0,3,0%,72.67
topheth,0,3,0%,72.67
kedar bible,0,3,0%,73
judas the son of james,0,3,0%,73.33
la reina de saba,0,3,0%,73.33
moab in bible,0,3,0%,73.33
herodianos,0,3,0%,73.67
horites,0,3,0%,73.67
soteria meaning,0,3,0%,73.67
el elohe israel meaning,0,3,0%,74.33
midianites today,0,3,0%,74.67
where is gennesaret,0,3,0%,74.67
devarim meaning,0,3,0%,75
sheol pronunciation,0,3,0%,75
moresheth,0,3,0%,75.33
reino de saba,0,3,0%,75.33
onesimus bible,0,3,0%,75.67
paddan aram,0,3,0%,75.67
eunuco significa,0,3,0%,76
galatia,0,3,0%,76
ziklag bible,0,3,0%,76.33
ancient chebar river,0,3,0%,77
capernaum,0,3,0%,77
yochanan,0,3,0%,78
artaxerxes bible,0,3,0%,78.33
arabia in the bible,0,3,0%,78.67
horeb mountain of god,0,3,0%,78.67
ezer kenegdo meaning,0,3,0%,79
kairos meaning,0,3,0%,79
soteria goddess,0,3,0%,79
ezer kenegdo meaning in hebrew,0,3,0%,79.33
metanoia metanoia,0,3,0%,79.33
who was asenath in the bible,0,3,0%,79.33
tamar,0,3,0%,80
where is mt horeb in the bible,0,3,0%,80
ezer kenegdo in the bible,0,3,0%,80.33
porneia meaning,0,3,0%,80.33
babel project,0,3,0%,80.67
zedekiah,0,3,0%,80.67
m i d i a n,0,3,0%,81
pithom and raamses,0,3,0%,81
lachish israel,0,3,0%,81.33
qué es eunuco,0,3,0%,81.33
mount sinai israel,0,3,0%,81.67
location of midian,0,3,0%,82
where is succoth,0,3,0%,82.33
antiochus iv epiphanes,0,3,0%,82.67
midian religion,0,3,0%,83.33
meaning of ramah,0,3,0%,83.67
meaning of yada,0,3,0%,84
onesimus,0,3,0%,84
alphabetic acrostic,0,3,0%,84.33
r a m a h,0,3,0%,84.33
where is shechem,0,3,0%,84.33
gerar in the bible,0,3,0%,84.67
goshen in egypt,0,3,0%,84.67
teman,0,3,0%,84.67
what was the tabernacle,0,3,0%,84.67
where was the land of uz,0,3,0%,85.33
who was midian in the bible,0,3,0%,85.33
barabba,0,3,0%,85.67
moab location bible,0,3,0%,85.67
shiloh meaning bible,0,3,0%,85.67
tzipporah,0,3,0%,85.67
where was midian in the bible,0,3,0%,85.67
where is moriah,0,3,0%,86
aletheia meaning,0,3,0%,86.33
shinar location,0,3,0%,86.33
queen vashti,0,3,0%,86.67
the sea of reeds,0,3,0%,86.67
what does moriah mean in hebrew,0,3,0%,87
ancient samaria,0,3,0%,87.33
jeconiah,0,3,0%,87.33
mt horeb bible,0,3,0%,87.67
teraphim,0,3,0%,88.67
where was galatia located,0,3,0%,88.67
who was adonijah in the bible,0,3,0%,88.67
alphabetic acrostic poem,0,3,0%,89.33
define parousia,0,3,0%,89.67
g e r a r,0,3,0%,89.67
moriah meaning in hebrew,0,3,0%,90.67
asenath bible,0,3,0%,91
chorazin,0,3,0%,91
chaldeans,0,3,0%,91.33
gennesaret,0,3,0%,91.33
gilboa,0,3,0%,91.33
mamre,0,3,0%,91.33
meaning of moab in the bible,0,3,0%,91.33
succoth,0,3,0%,91.33
where is cush located,0,3,0%,91.67
when was 2 samuel written,0,3,0%,92
legión significado,0,3,0%,92.67
where is cush,0,3,0%,93.33
binah kabbalah,0,3,0%,94
gêr,0,3,0%,98.67
damim meaning,0,2,0%,5
distazo,0,2,0%,6
yacham,0,2,0%,6.5
kapporet,0,2,0%,7
sakak,0,2,0%,7
ofannim,0,2,0%,8
beliyaal,0,2,0%,9.5
tekmerion meaning,0,2,0%,9.5
davaq,0,2,0%,10.5
vayinafash,0,2,0%,10.5
caná de galilea mapa,0,2,0%,11
cactus ya ya happy hour,0,2,0%,11.5
moshia meaning,0,2,0%,11.5
attun,0,2,0%,17
dudaim,0,2,0%,17.5
chomah,0,2,0%,18.5
elenchos,0,2,0%,19
qeshet,0,2,0%,19
philippians 1,0,2,0%,21.5
apolytrosis,0,2,0%,24.5
thessalonica bible map,0,2,0%,25
apokaradokia,0,2,0%,26
book of joshua chapter 1,0,2,0%,28.5
talitha koum translation,0,2,0%,29
natsal hebrew meaning,0,2,0%,29.5
kauchaomai greek meaning,0,2,0%,30
kephas aramaic,0,2,0%,30.5
qorban,0,2,0%,30.5
aenon near salim map,0,2,0%,31
arete in the bible,0,2,0%,32
aram naharaim map,0,2,0%,32.5
kesil hebrew meaning,0,2,0%,32.5
bereshit 12,0,2,0%,33.5
prototokos meaning in greek,0,2,0%,33.5
matheteuo greek meaning,0,2,0%,35
nineveh map bible,0,2,0%,36
thessalonians bible,0,2,0%,36.5
kopher meaning,0,2,0%,37
shuv hebrew meaning,0,2,0%,37.5
the citadel of susa,0,2,0%,37.5
shinar in the bible map,0,2,0%,38
exodus 5,0,2,0%,38.5
genesis 27 4,0,2,0%,39
obadiah the bible project,0,2,0%,39
the bible project david,0,2,0%,39
peirasmos greek,0,2,0%,39.5
phronimos meaning,0,2,0%,39.5
hashmal meaning,0,2,0%,40
philos pronunciation,0,2,0%,40
hasatan in hebrew,0,2,0%,40.5
nagid,0,2,0%,40.5
elkosh israel,0,2,0%,41
hebrew avon,0,2,0%,41
musar meaning in english,0,2,0%,41
salt and straw lake oswego,0,2,0%,41.5
exodus chapter 13,0,2,0%,42
genesis 25 hebrew,0,2,0%,42
god has made me a father to pharaoh,0,2,0%,42
pala in hebrew,0,2,0%,42
skandalon in the bible,0,2,0%,42
avon meaning in hebrew,0,2,0%,42.5
ainigma,0,2,0%,43
what does zarephath mean in hebrew,0,2,0%,43.5
sheshbazzar meaning in hebrew,0,2,0%,44
achaia map,0,2,0%,44.5
genesis 3 hebrew transliteration,0,2,0%,44.5
logos dictionary,0,2,0%,44.5
leviticus hebrew,0,2,0%,45
toledot pronunciation,0,2,0%,46
obadiah 1 5,0,2,0%,46.5
cain's son,0,2,0%,48
hagios pronunciation,0,2,0%,48
names of shadrach meshach and abednego,0,2,0%,48
chanan hebrew meaning,0,2,0%,49
ha-satan,0,2,0%,49.5
sullam,0,2,0%,49.5
1thessalonian,0,2,0%,50.5
nod bible,0,2,0%,51
shadrach meshach and abednego hebrew names,0,2,0%,51
porosis definition,0,2,0%,51.5
acharit hayamim,0,2,0%,52
exodus 3 hebrew,0,2,0%,52
morning star in greek,0,2,0%,53.5
what does fully involved mean at firehouse subs,0,2,0%,53.5
deuteronomy,0,2,0%,54
genesis 3 15 in hebrew,0,2,0%,54
hebrew shuv,0,2,0%,54
israel tabernacle,0,2,0%,54
map of galatia,0,2,0%,54.5
mareshah,0,2,0%,55
teleios in hebrew meaning,0,2,0%,55
what does parthenos mean,0,2,0%,55
is mt horeb the same as mt sinai,0,2,0%,55.5
mizraim,0,2,0%,55.5
wilderness of judea,0,2,0%,55.5
hasatan,0,2,0%,56
horeb mountain,0,2,0%,56
jonah 1,0,2,0%,56
genesis 30,0,2,0%,56.5
cain son,0,2,0%,57
euangelion,0,2,0%,57
where was gilead,0,2,0%,57
raquel en la biblia,0,2,0%,57.5
beer-lahai-roi,0,2,0%,58
how to pronounce jabbok in the bible,0,2,0%,58
makarios in the bible,0,2,0%,58
where was nod,0,2,0%,58
genesis 3 33,0,2,0%,58.5
jabbok,0,2,0%,58.5
leviticus 1 1,0,2,0%,58.5
exodus pharaoh,0,2,0%,59
map of shechem,0,2,0%,59
shalach meaning,0,2,0%,59.5
sheshbazzar in the bible,0,2,0%,59.5
sidonians in the bible,0,2,0%,59.5
where is nod located today,0,2,0%,59.5
book of 1 kings,0,2,0%,60
meaning of euangelion,0,2,0%,60
meaning axios,0,2,0%,60.5
canaan map,0,2,0%,61
edah hebrew meaning,0,2,0%,61
horeb bible,0,2,0%,61
iesous,0,2,0%,61
philadelphia meaning in greek,0,2,0%,61
que es un estatero en la biblia,0,2,0%,61
seneh meaning in hebrew,0,2,0%,61
kiriath-jearim map,0,2,0%,61.5
sefer zerubbabel,0,2,0%,61.5
zechariah 1,0,2,0%,61.5
who was shadrach meshach and abednego in the bible,0,2,0%,62
kavod meaning in greek,0,2,0%,62.5
potiphar wife,0,2,0%,62.5
que significa hades en español,0,2,0%,63
susa the citadel,0,2,0%,63
yah is,0,2,0%,63
horite,0,2,0%,63.5
what is philos,0,2,0%,63.5
nicodemo en la biblia,0,2,0%,64
obadiah bible project,0,2,0%,64
merkavah,0,2,0%,64.5
mount horeb israel,0,2,0%,64.5
ofanim,0,2,0%,64.5
pozo de jacob,0,2,0%,64.5
herodes antipas,0,2,0%,65
que es baal en la biblia,0,2,0%,65
teleios meaning,0,2,0%,65
where is horeb located,0,2,0%,65
bezalel,0,2,0%,65.5
cain's eldest son,0,2,0%,65.5
pharaoh of joseph,0,2,0%,65.5
hebrew ashrei,0,2,0%,66
israel's tabernacle,0,2,0%,66
massa meaning hebrew,0,2,0%,66
mount of horeb,0,2,0%,66
greek word for tree,0,2,0%,66.5
meaning of el-elohe-israel,0,2,0%,66.5
meaning of philos,0,2,0%,66.5
stauros,0,2,0%,66.5
el elohe meaning in bible,0,2,0%,67
jewish tabernacle,0,2,0%,67
monte horeb,0,2,0%,67.5
apostolos,0,2,0%,68
babel text,0,2,0%,68
hananiah mishael and azariah meaning,0,2,0%,68
mt horeb moses,0,2,0%,68
jeroboam ii in the bible,0,2,0%,68.5
where is kedar?,0,2,0%,68.5
âman,0,2,0%,68.5
אל שדי meaning,0,2,0%,68.5
beth el in the bible,0,2,0%,69
cana galilee map,0,2,0%,69
eusebia meaning,0,2,0%,69
how old was shadrach meshach and abednego,0,2,0%,69
tabernacle in jerusalem,0,2,0%,69
who was shadrach,0,2,0%,69
biblical goshen map,0,2,0%,69.5
israelite tabernacle,0,2,0%,69.5
nehum,0,2,0%,69.5
nikodemus,0,2,0%,69.5
etham in the bible,0,2,0%,70
eunucos que es,0,2,0%,70
hypostasis meaning,0,2,0%,70
meaning of soteria,0,2,0%,70
negev desert map,0,2,0%,70
a d o n i j a h,0,2,0%,70.5
el bethel meaning,0,2,0%,70.5
jacob's well bible,0,2,0%,70.5
q significa eunuco,0,2,0%,70.5
the men of anathoth,0,2,0%,70.5
who wrote 2 samuel,0,2,0%,70.5
charis,0,2,0%,71
qué es un eunuco,0,2,0%,71
solomon's portico,0,2,0%,71
susa citadel,0,2,0%,71
what does tannin mean in hebrew,0,2,0%,71
ancient gibeon,0,2,0%,71.5
da'at,0,2,0%,71.5
gilead in israel,0,2,0%,71.5
greek naos,0,2,0%,71.5
hebrew ezer kenegdo,0,2,0%,71.5
moses mount horeb,0,2,0%,71.5
nineveh tarshish map,0,2,0%,71.5
what is mount horeb,0,2,0%,71.5
gethsemane,0,2,0%,72
herod antipas the chosen,0,2,0%,72
hebrew nachash,0,2,0%,72.5
keshet in hebrew,0,2,0%,72.5
lake of galilee bible,0,2,0%,72.5
map of negev,0,2,0%,72.5
shadrach in the bible,0,2,0%,72.5
bethsaida map,0,2,0%,73
eunucos significado biblico,0,2,0%,73
hananiah mishael azariah,0,2,0%,73
tyre biblical,0,2,0%,73
vashti in the bible,0,2,0%,73
where is midian,0,2,0%,73
where is shinar located,0,2,0%,73
axios meaning,0,2,0%,73.5
corinthians greek,0,2,0%,73.5
enuch,0,2,0%,73.5
mount horeb or mount sinai,0,2,0%,73.5
song of solomon text,0,2,0%,73.5
who was moab in the bible,0,2,0%,73.5
euangelion meaning,0,2,0%,74
mal'ach,0,2,0%,74
mara in bible,0,2,0%,74
que es una legión,0,2,0%,74
zerubbabel in bible,0,2,0%,74
bible moab,0,2,0%,74.5
father of enoch,0,2,0%,74.5
israel map negev,0,2,0%,74.5
mashiach hebrew,0,2,0%,74.5
thessalonica meaning,0,2,0%,74.5
where is bozrah,0,2,0%,74.5
define yada,0,2,0%,75
herod philip,0,2,0%,75
is horeb and sinai the same,0,2,0%,75
jeroboam,0,2,0%,75
aletheia bible,0,2,0%,75.5
bible petra,0,2,0%,75.5
logos in hebrew,0,2,0%,75.5
well jacob,0,2,0%,75.5
gehenna translation,0,2,0%,76
gibborim,0,2,0%,76
matzevot,0,2,0%,76
pithom egypt,0,2,0%,76
quién era nicodemo,0,2,0%,76
where is nineveh on a map,0,2,0%,76
who was ammon,0,2,0%,76
yvh,0,2,0%,76
agape meaning greek,0,2,0%,76.5
eleos greek god,0,2,0%,76.5
kairos scripture,0,2,0%,76.5
mishpat,0,2,0%,76.5
shiloh in israel map,0,2,0%,76.5
what is nimrod,0,2,0%,76.5
where is uz located,0,2,0%,76.5
book of esther,0,2,0%,77
james in the bible,0,2,0%,77
judean wilderness,0,2,0%,77
king uzziah,0,2,0%,77
nineveh location on map,0,2,0%,77
ramah in israel,0,2,0%,77
scandalon,0,2,0%,77
where is teman,0,2,0%,77
hebrew meaning of ziklag,0,2,0%,77.5
hebrew yada,0,2,0%,77.5
onesimus in bible,0,2,0%,77.5
who was herod antipas,0,2,0%,77.5
epignosis definition,0,2,0%,78
hupostasis,0,2,0%,78
lamentaciones in english bible,0,2,0%,78
metanoeo,0,2,0%,78
moab from the bible,0,2,0%,78
sophia bible,0,2,0%,78
where is samaria today,0,2,0%,78
baal significado,0,2,0%,78.5
moriah in the bible,0,2,0%,78.5
onan tamar,0,2,0%,78.5
que es legión,0,2,0%,78.5
quien fue nicodemo,0,2,0%,78.5
ashdod bible,0,2,0%,79
beer lahai roi meaning,0,2,0%,79
biblical city of colossae,0,2,0%,79
lechem meaning,0,2,0%,79
meaning of engedi,0,2,0%,79
mishpat meaning,0,2,0%,79
pharaoh in exodus,0,2,0%,79
phílos,0,2,0%,79
where is uz,0,2,0%,79
who was zerubbabel in the bible,0,2,0%,79
biblical zoar,0,2,0%,79.5
colossae location,0,2,0%,79.5
gennesaret map,0,2,0%,79.5
modern day galatia,0,2,0%,79.5
mount horeb sinai,0,2,0%,79.5
ramah meaning,0,2,0%,79.5
what is chronos time,0,2,0%,79.5
when was 1st thessalonians written,0,2,0%,79.5
biblical midian,0,2,0%,80
canaan location,0,2,0%,80
hypostatsis,0,2,0%,80
koach hebrew,0,2,0%,80
mt horeb location,0,2,0%,80
rachamim hebrew meaning,0,2,0%,80
vashti queen,0,2,0%,80
2 samuel how many chapters,0,2,0%,80.5
admah,0,2,0%,80.5
aletheia means,0,2,0%,80.5
colossi city,0,2,0%,80.5
dan city,0,2,0%,80.5
galatia modern day,0,2,0%,80.5
israelites tabernacle,0,2,0%,80.5
land of shinar location,0,2,0%,80.5
mount horeb and mount sinai,0,2,0%,80.5
nachash,0,2,0%,80.5
shechem meaning hebrew,0,2,0%,80.5
shechem means,0,2,0%,80.5
where is the land of uz located,0,2,0%,80.5
yom meaning in hebrew,0,2,0%,80.5
beer lahai roi,0,2,0%,81
desert of shur,0,2,0%,81
gath in the bible,0,2,0%,81
jéroboam 2,0,2,0%,81
where is teman in the bible,0,2,0%,81
who was onan,0,2,0%,81
who wrote 2 kings,0,2,0%,81
zorobabel,0,2,0%,81
definition of chronos,0,2,0%,81.5
midianites,0,2,0%,81.5
onan,0,2,0%,81.5
solar power zarephath,0,2,0%,81.5
bozrah bible,0,2,0%,82
josiah,0,2,0%,82
midian people,0,2,0%,82
negev in the bible,0,2,0%,82
pharaoh of the exodus,0,2,0%,82
pharmakon meaning,0,2,0%,82
river jabbok,0,2,0%,82
tarshish location,0,2,0%,82
wadi of egypt,0,2,0%,82
what is galatia called today,0,2,0%,82
where is paddan aram in the bible,0,2,0%,82
who is shadrach meshach and abednego in the bible,0,2,0%,82
zerubbabel meaning,0,2,0%,82
bible decapolis,0,2,0%,82.5
jehoiakim,0,2,0%,82.5
sarai bible,0,2,0%,82.5
sarai to sarah,0,2,0%,82.5
shiloh scripture,0,2,0%,82.5
tarsis,0,2,0%,82.5
the negev in the bible,0,2,0%,82.5
where is paddan aram,0,2,0%,82.5
where is samaria located today,0,2,0%,82.5
who was zerubbabel,0,2,0%,82.5
xerxes ahasuerus,0,2,0%,82.5
zoar,0,2,0%,82.5
horeb mountain map,0,2,0%,83
kiriath jearim meaning,0,2,0%,83
moab biblical meaning,0,2,0%,83
mt sinai bible,0,2,0%,83
where is negev in the bible,0,2,0%,83
ancient city of samaria,0,2,0%,83.5
biblical nineveh location,0,2,0%,83.5
colossae city,0,2,0%,83.5
damascus map bible,0,2,0%,83.5
definition of pneuma,0,2,0%,83.5
moresheth gath,0,2,0%,83.5
thigh sinew,0,2,0%,83.5
caesarea philippi on map,0,2,0%,84
eunucos definicion,0,2,0%,84
gaths,0,2,0%,84
hosanna in the bible,0,2,0%,84
moses mountain name,0,2,0%,84
quien era nicodemo en la biblia,0,2,0%,84
what is the river of egypt,0,2,0%,84
zera hebrew,0,2,0%,84
jabbok river jordan,0,2,0%,84.5
onesimus in the bible,0,2,0%,84.5
shiloh in hebrew,0,2,0%,84.5
sozo meaning greek,0,2,0%,84.5
toledoth meaning,0,2,0%,84.5
zion jerusalem map,0,2,0%,84.5
caiaphas,0,2,0%,85
city of colossae,0,2,0%,85
gath palestine,0,2,0%,85
gehenna significado,0,2,0%,85
mammon hebrew meaning,0,2,0%,85
mount sinai bible,0,2,0%,85
nephilim,0,2,0%,85
shiloh biblical meaning,0,2,0%,85
tzipora,0,2,0%,85
yom meaning,0,2,0%,85
meaning of agape greek,0,2,0%,85.5
orpah,0,2,0%,85.5
pneuma definition,0,2,0%,85.5
where is samaria,0,2,0%,85.5
edom seir,0,2,0%,86
herod antipas,0,2,0%,86
melchizedek bible,0,2,0%,86
shaphat meaning,0,2,0%,86
where is goshen,0,2,0%,86
where is mt horeb,0,2,0%,86
where is samaria located,0,2,0%,86
where is uz in the bible,0,2,0%,86
where was tarshish,0,2,0%,86
yada yada meaning hebrew,0,2,0%,86
chronos greek meaning,0,2,0%,86.5
city of thessalonica,0,2,0%,86.5
dothan bible,0,2,0%,86.5
meaning of shechem,0,2,0%,86.5
mount horeb in the bible,0,2,0%,86.5
negev bible,0,2,0%,86.5
ramah in bible,0,2,0%,86.5
tel dothan israel,0,2,0%,86.5
where is land of uz,0,2,0%,86.5
zarapath,0,2,0%,86.5
goshen biblical meaning,0,2,0%,87
jabbok bible,0,2,0%,87
jonah son of amittai,0,2,0%,87
what does shamar mean,0,2,0%,87
soter,0,2,0%,87.5
where is tarshish,0,2,0%,87.5
where is the land of uz in the bible,0,2,0%,87.5
yada meaning,0,2,0%,87.5
herod the great bible,0,2,0%,88
mount sinai and mount horeb,0,2,0%,88
sarai from the bible,0,2,0%,88
sarai in the bible,0,2,0%,88
shem hebrew meaning,0,2,0%,88
sychar,0,2,0%,88
the book of habakkuk presents the destruction of babylon,0,2,0%,88
darius the mede and cyrus,0,2,0%,88.5
definition of yada,0,2,0%,88.5
bible map damascus,0,2,0%,89
country of moab,0,2,0%,89
who was potiphar,0,2,0%,89
gihon river,0,2,0%,89.5
tabernacle judaism,0,2,0%,89.5
ezer kenegdo hebrew,0,2,0%,90
greek meaning of agape,0,2,0%,90
midian in the bible map,0,2,0%,90
moriah meaning in the bible,0,2,0%,90
ywwh,0,2,0%,90
susa bible,0,2,0%,90.5
where is galatians,0,2,0%,90.5
where is midian in the bible,0,2,0%,90.5
where is shinar located today,0,2,0%,90.5
cana galilee,0,2,0%,91
current day moab,0,2,0%,91
shechem israel,0,2,0%,91
shiloh meaning in hebrew,0,2,0%,91
tarshish modern day,0,2,0%,91
teleios,0,2,0%,91
the reed sea,0,2,0%,91
was zipporah hebrew,0,2,0%,91
city of goshen in the bible,0,2,0%,91.5
gath people,0,2,0%,91.5
logos in the old testament,0,2,0%,91.5
presbuteros,0,2,0%,91.5
salem bible,0,2,0%,91.5
schechem,0,2,0%,91.5
tophet,0,2,0%,91.5
yada meaning hebrew,0,2,0%,91.5
land of cush,0,2,0%,92
raca meaning in the bible,0,2,0%,92
shiloh in the bible,0,2,0%,92
succoth meaning,0,2,0%,92
caesarea philippi map,0,2,0%,92.5
hosana in the bible,0,2,0%,92.5
sefer torah meaning,0,2,0%,92.5
where was gath,0,2,0%,92.5
cush land,0,2,0%,93
succoth in the bible,0,2,0%,93
caesarea philippi,0,2,0%,93.5
galatii,0,2,0%,93.5
patmos,0,2,0%,93.5
zoar in the bible,0,2,0%,93.5
kairos meaning in greek,0,2,0%,94.5
nachshon,0,2,0%,95
greek definition of agape,0,2,0%,95.5
meaning of beer lahai roi,0,2,0%,95.5
river hiddekel,0,2,0%,95.5
moriah meaning,0,2,0%,96
where is nineveh in the bible,0,2,0%,96
mount of olives location map,0,2,0%,96.5
shem meaning,0,2,0%,96.5
where is goshen in egypt,0,2,0%,96.5
who wrote 2 samuel in the bible,0,2,0%,97.5
samaria location,0,2,0%,98
where is moab in the bible,0,2,0%,98.5
who was eliezer of damascus,0,2,0%,100
bendecido en arameo,0,1,0%,1
dibbah,0,1,0%,1
dodim,0,1,0%,1
elef meaning,0,1,0%,3
epieikes,0,1,0%,3
martyreo,0,1,0%,4
mekhashefah,0,1,0%,5
phroureo,0,1,0%,5
agua viva en hebreo,0,1,0%,6
megurim,0,1,0%,6
tzaddiq,0,1,0%,6
yitron,0,1,0%,6
archēgos,0,1,0%,7
berikh,0,1,0%,7
biazetai,0,1,0%,7
firehouse subs fully involved,0,1,0%,7
pitron meaning,0,1,0%,7
workvapor.in,0,1,0%,7
grammateis,0,1,0%,8
dick's primal burger reviews,0,1,0%,9
formar significado bíblico,0,1,0%,9
myeo meaning,0,1,0%,9
refugio en griego,0,1,0%,9
significado de lamo,0,1,0%,9
spilas,0,1,0%,9
tiqqun soferim,0,1,0%,9
dipsychos definition,0,1,0%,10
gulgalta,0,1,0%,10
metoikesia,0,1,0%,10
nicham,0,1,0%,10
presbyteroi,0,1,0%,10
tarasso,0,1,0%,10
ata ganav translation,0,1,0%,11
autarkēs,0,1,0%,11
harag def,0,1,0%,11
mevaser meaning,0,1,0%,11
tapeinosis,0,1,0%,11
tzaddiqs,0,1,0%,11
escudriñar en hebreo,0,1,0%,12
hierón,0,1,0%,12
joel 1:1,0,1,0%,12
klema meaning,0,1,0%,12
matteh hebrew meaning,0,1,0%,12
set matters straight,0,1,0%,12
golah,0,1,0%,14
colossians in greek,0,1,0%,15
phillipian 1,0,1,0%,15
splanchna,0,1,0%,16
cactus yaya,0,1,0%,17
bible project james 1,0,1,0%,18
cactus ya ya vancouver wa,0,1,0%,18
shiqquts,0,1,0%,18
"""salt & straw"" ""97034""",0,1,0%,19
cactus ya ya menu,0,1,0%,19
diatheke pronunciation,0,1,0%,19
melits,0,1,0%,19
paratheke,0,1,0%,19
phylakterion,0,1,0%,19
tofets,0,1,0%,19
chashmal,0,1,0%,20
desmios,0,1,0%,20
zadon meaning,0,1,0%,20
demut hebrew meaning,0,1,0%,21
grammateus meaning,0,1,0%,21
josh 1,0,1,0%,21
joshua 1 bible,0,1,0%,21
soter meaning in english,0,1,0%,21
joshua 1st chapter,0,1,0%,22
syneidesis,0,1,0%,22
arsenos,0,1,0%,23
book of jeremiah bible project,0,1,0%,23
brook of egypt map,0,1,0%,23
thessaloniciens 1,0,1,0%,24
bible project nephilim,0,1,0%,25
chara bible,0,1,0%,25
joshua 1 chapter,0,1,0%,25
joshua chapter,0,1,0%,25
metanoeō,0,1,0%,25
servidor en griego,0,1,0%,26
arrabon greek meaning,0,1,0%,27
el bethel meaning in bible,0,1,0%,27
joshua verse,0,1,0%,27
sod in the bible,0,1,0%,27
tiqqune sopherim,0,1,0%,27
entole meaning,0,1,0%,28
james 1 greek,0,1,0%,28
metamelomai meaning,0,1,0%,28
shuv meaning in english,0,1,0%,28
stephanos in the bible,0,1,0%,28
the bible project 1 thessalonians,0,1,0%,28
yahoshua in english bible,0,1,0%,28
yarad hebrew,0,1,0%,28
apokaradokia greek,0,1,0%,29
barad in english,0,1,0%,29
genesis 12,0,1,0%,29
hebrews 35,0,1,0%,29
jeremiah1,0,1,0%,29
philos adelphos,0,1,0%,29
exodus 2 hebrew,0,1,0%,30
first thessalonians chapter 1,0,1,0%,30
genesis 27:1-45,0,1,0%,30
goral hebrew meaning,0,1,0%,30
shalom brother,0,1,0%,30
avon meaning hebrew,0,1,0%,31
dicks primal,0,1,0%,31
joshua new testament,0,1,0%,31
peirazō,0,1,0%,31